folder,file,fmt,w,h,bytes,md5
Social media Elements,WhatsApp Image 2026-01-07 at 22.46.21.jpeg,JPEG,1584,396,27817,9afe9a887582eeed9b4e7239cb37bf4c
for tests,Copy of Copy of 2025.11.25_WTN__e-com12076.jpg,JPEG,1000,1250,1094945,cd30fe18e8da225115a306a086a258f7
Social media Elements,thestudio_x_cover.jpeg,JPEG,1128,191,28429,85e86f5a82e73d1c4c9b1222878e9051
Social media Elements,Linkedin Background.jpeg,JPEG,1584,396,23474,139cd098a6b94fd10754d61891e35711
for tests,Copy of Copy of 2025.11.25_WTN__e-com13364.jpg,JPEG,1000,1250,607612,bf42a3d24270d2618d51c1d9bdcdbb5d
for tests,Copy of Copy of 2025.11.25_WTN__e-com13351.jpg,JPEG,1000,1250,655569,6f62d3b485e44e60692b45853c0ab806
for tests,Copy of Copy of 2025.11.25_WTN__e-com13340.jpg,JPEG,1000,1250,656682,36b39060b0f60379892e23177170736e
for tests,Copy of Copy of 2025.11.25_WTN__e-com12057.jpg,JPEG,1000,1250,669089,a8f035b6e4312f7962e0d29961fe02f6
ALEMI MUINICH,Copy of clutch-fuchsia-smooth-leather_7366b.jpg,JPEG,1800,1800,278228,3116af3ce92294ea457246e086f44d0a
Bareen,Copy of 1-1.jpg,JPEG,3952,5928,2456085,dc6d08ab8df8c058d9cf6afd438f1e55
for tests,Copy of Copy of 2025.11.25_WTN__e-com13347.jpg,JPEG,1000,1250,611253,ecfadc815aaffb4b60853f3c65c031ba
for tests,Copy of Copy of 2025.11.25_WTN__e-com13361.jpg,JPEG,1000,1250,599501,e67f549c485ad1c627f11dc5d65c2c44
for tests,Copy of Copy of 2025.11.25_WTN__e-com12085.jpg,JPEG,1000,1250,1770409,896221882f424c536fa87dd8ffcd6b2b
Bareen,Copy of 4-3.jpg,JPEG,4000,6000,7439092,fdf1d033c25c6db1783ccc9ea79db4be
for tests,Copy of Copy of 2025.11.25_WTN__e-com12069.jpg,JPEG,1000,1250,642368,0862961b5c1531ea10079e28b5b803b9
ALEMI MUINICH,Copy of clutch-fuchsia-smooth-leather_7417 kopia.jpg,JPEG,1800,1800,1734906,d1465280583b83bd58aa913ea9ca4bdf
Bareen,Copy of 4-1.jpg,JPEG,3952,5928,5292168,1ef64ae7e4774837a91ec4d6e612870a
ALEMI MUINICH,Copy of brown3-1.jpg,JPEG,1800,1800,608906,272ee08100e794abeb4c95a335160fc8
Bareen,Copy of 3-1.jpg,JPEG,3952,5928,3730241,f885d2b28118596b60ae94f6c84268bb
ALEMI MUINICH,Copy of Zrzut ekranu 2026-06-10 o 13.08.28.jpg,JPEG,1757,1800,1888915,14ae9f091a8002cab9a53ae6c9de1b49
ALEMI MUINICH,Copy of brown2.jpg,JPEG,1800,1800,1345073,95b195bb31507b138f880a6d2e28a113
Bareen,Copy of 3.jpg,JPEG,3952,5928,4592615,2818afd6da8ad5d39883b33e8a72b7bb
Bareen,Copy of 8.jpg,JPEG,4000,6000,6979723,1d205f33aa9e9fcdbc5a2da751484768
ALEMI MUINICH,Copy of black5.jpg,JPEG,1199,1800,1164291,3360d419a361e93494cd4e4769acd100
ALEMI MUINICH,Copy of litten-small-fuchsia-4.jpg,JPEG,1800,1800,966193,a71bb9cb5b4c6bcd02d1c468ca024d70
ALEMI MUINICH,Copy of blue3 1.jpg,JPEG,1800,1800,270311,9067655c2c8549a75d98b33e6d27848f
Bareen,Copy of 2-1.jpg,JPEG,3952,5928,5103502,5681066f0d3e7f99a054414112baf65d
Bareen,Copy of 7.jpg,JPEG,4000,6000,3491624,02c26ad61d7ac9071ae4a5444cd419e7
ALEMI MUINICH,Copy of brown5.jpg,JPEG,1199,1800,1154650,12a5f5d7e4372f2e625a7edd53025e0c
for tests,Copy of Copy of 2025.11.25_WTN__e-com12081.jpg,JPEG,1000,1250,705380,ccbc60e7febcd1f9a4e6ced3ff5df8c9
Bareen,Copy of 4.jpg,JPEG,3952,5928,4463444,d046648d20ac9a86c2e6f9b33b0138d7
Bareen,Copy of 6.jpg,JPEG,4000,6000,3554910,3f540b9d92a2a53b06bf57b3224d522b
ALEMI MUINICH,Copy of litten-small-fuchsia-2.jpg,JPEG,1800,1800,623986,7e8f4cff712acdad62b71d6f81187ff9
ALEMI MUINICH,Copy of brown3.jpg,JPEG,1800,1800,651095,d199fa15e592656ce49e45914e41e21d
ALEMI MUINICH,Copy of brown1.jpg,JPEG,1800,1800,1236103,ce115ca0a2f2fad6e1824b97f154f13e
ALEMI MUINICH,Copy of belvoir-fuchsia-smooth-leather-3.jpg,JPEG,1800,1800,337042,c727e276317274863aa7777480c2e3be
ALEMI MUINICH,Copy of litten-small-fuchsia-1.jpg,JPEG,1800,1800,609673,f3936e577f429f0e28e4a98ec4ff2418
ALEMI MUINICH,Copy of clutch-fuchsia-smooth-leather_7366a.jpg,JPEG,1800,1800,323057,073c10bef9d8e03d065f1f1ca7d07500
ALEMI MUINICH,Copy of belvoir-fuchsia-smooth-leather-2.jpg,JPEG,1800,1800,295749,1c0ce4ad3e84dd9976c2b2fca6486573
ALEMI MUINICH,Copy of litten-small-fuchsia-3.jpg,JPEG,1800,1800,875129,8b92cbed4e794b4854db44707e999045
ALEMI MUINICH,Copy of black1.jpg,JPEG,1800,1800,1220675,44a53d7cfcc9e11f88829bcde8ffc5d3
Bareen,Copy of 1.jpg,JPEG,3952,5928,2829743,ef9631a52bbadd58f15bb87a3bd84169
Bareen,Copy of 2.jpg,JPEG,3952,5928,5135418,03b5960653000294807ab3ecf3e724bb
ALEMI MUINICH,Copy of blue5 1.jpg,JPEG,1800,1800,2337489,c6d951f660f3be98215c608f39aa1bb3
Bareen,Copy of 5.jpg,JPEG,4000,6000,5130986,041c4a2f8d33c10dbe4bc769142463f3
ALEMI MUINICH,Copy of blue3-1 1.jpg,JPEG,1800,1800,440677,1c502b5d87198ccb25031d86cf728c08
ALEMI MUINICH,Copy of blue2 1.jpg,JPEG,1800,1800,587792,2636c0c67ee450542ecafd8b52a90fa7
ALEMI MUINICH,Copy of belvoir-fuchsia-smooth-leather-4.jpg,JPEG,1800,1800,1606788,94d259ec285e2ad72621f609418a1eab
ALEMI MUINICH,Copy of black4.jpg,JPEG,1800,1800,550914,9719f365cee1c2adb5cd00f0e0bca2a0
ALEMI MUINICH,Copy of blue1 1.jpg,JPEG,1800,1800,580788,99d59e3da876c98f1f730d6e0b0f2641
ALEMI MUINICH,Copy of clutch-fuchsia-smooth-leather_7413 kopiaa.jpg,JPEG,1800,1800,2235508,f44ec69414db2a3f382ba0c0c6da3442
ALEMI MUINICH,Copy of blue4 1.jpg,JPEG,1800,1800,1816640,d2146a84866796ced5e8bdafb29782af
ALEMI MUINICH,Copy of belvoir-fuchsia-smooth-leather-1 kopia.jpg,JPEG,1800,1800,461535,998597a7aae022da7326ccb84980ee77
ALEMI MUINICH,Copy of belvoir-fuchsia-smooth-leather-5.jpg,JPEG,1800,1800,1422019,d0344a67d328bae260fbe1c86a364dd8
Lepollen,Copy of 2026.05.12_LEPOLLEN5771.jpg,JPEG,2827,4241,2611944,4c3a2455c04cbcc997f0ef706ac088c5
ALEMI MUINICH,Copy of black3.jpg,JPEG,1800,1800,543125,4d0680d5d571dd4de4d0534399297bee
Lepollen,Copy of 2026.05.12_LEPOLLEN5799 kopia.jpg,JPEG,4000,6000,8439718,d7fdaa0005c75e9acdfbd870e218d7d0
Lepollen,Copy of 2026.05.12_LEPOLLEN5768.jpg,JPEG,2827,4241,2751455,c81781355af700952a55561f9629e841
Lepollen,Copy of 2026.05.12_LEPOLLEN5782a kopia 2.jpg,JPEG,2827,4241,3099431,92efd064bfd9b01483257c02f38f9941
Lepollen,Copy of 2026.05.12_LEPOLLEN5718.jpg,JPEG,2827,4241,1878175,077395eb844d2bf5b79fde36be83adce
Lepollen,Copy of 2026.05.12_LEPOLLEN5794 kopia.jpg,JPEG,3980,5970,6822509,20200ddea051dce4bb288dba5d99ee60
Lepollen,Copy of 2026.05.12_LEPOLLEN5751a.jpg,JPEG,2827,4241,3002901,e750651a5a9573e02190ddc64d05add1
Lepollen,Copy of 2026.05.12_LEPOLLEN5784a.jpg,JPEG,2827,4241,3105263,aa5d517f4dfc539b8aff3af5556b98d7
Lepollen,Copy of 2026.05.12_LEPOLLEN5795 kopia.jpg,JPEG,4000,6000,6812729,64e5576ac7d75019a4969d00607a1b54
Lepollen,Copy of 2026.05.12_LEPOLLEN5741.jpg,JPEG,2827,4241,2618602,6810fe814f2667948cff882900df027f
Lepollen,Copy of 2026.05.12_LEPOLLEN5743.jpg,JPEG,2827,4241,3243894,ca5b7c37793386046c0057036cde66bb
Lepollen,Copy of 2026.05.12_LEPOLLEN5715 kopia.jpg,JPEG,2827,4241,2154696,5f3031525b424425a84975823816a59d
ALEMI MUINICH,Copy of black2.jpg,JPEG,1800,1800,1155329,3aec8a72d1cc03d6ba07b46b522a1900
Lepollen,Copy of 2026.05.12_LEPOLLEN5766a.jpg,JPEG,2827,4241,2953158,065aea15aa514fc2eb4fc7fb670af487
Lepollen,Copy of 2026.05.12_LEPOLLEN5724.jpg,JPEG,2827,4241,3301953,e9ba90667fd245076576bbda60264cc6
Lepollen,Copy of 2026.05.12_LEPOLLEN5792.jpg,JPEG,3964,5946,16625289,3d32de67ab5c652d66c4c9ea9373a77b
Lepollen,Copy of 2026.05.12_LEPOLLEN5763a.jpg,JPEG,2827,4241,2753854,4da7a69224b6fb98915a850f92215be5
Lepollen,Copy of 3-3.jpg,JPEG,3947,5920,6736800,864d59843e9a0af5df9c77e2bf3a6223
Lepollen,Copy of 1-2.jpg,JPEG,3948,5922,3541915,ce3cdefd6a695426ad918d4390166c57
Lepollen,Copy of 3-2.jpg,JPEG,3948,5922,3401788,f196f40a68c0e73fb162b94bc2a251b5
Lepollen,Copy of 2-1.jpg,JPEG,3948,5922,3605225,aa5ebd8c220b2c3c6a5beef19e6bddcb
Lepollen,Copy of 1-1(1).jpg,JPEG,3948,5922,3835871,f59dd209159d7bb670688ef5154f7883
Lepollen,Copy of 2026.05.12_LEPOLLEN5789.jpg,JPEG,3967,5950,18055108,013c93263a58d43b33128346966a0228
Lepollen,Copy of 2026.05.12_LEPOLLEN5735.jpg,JPEG,2827,4241,2986649,f5299ee00d802b3a4ef346b101d051c5
Lepollen,Copy of 2026.05.12_LEPOLLEN5797 kopia.jpg,JPEG,3989,5984,7836926,cb5303aae96fa688791e95114c9ae498
Mansted,Copy of HOLLY-INDIGO_6370.jpg,JPEG,2500,2500,4168529,b789e7aa3c1df649c6e56a04cb932032
Mansted,Copy of HOLLY-INDIGO_6369.jpg,JPEG,2500,2500,4112275,e0d4d7bc242ef7c559033f19ea103623
Lepollen,Copy of 2026.05.12_LEPOLLEN5787.jpg,JPEG,3964,5946,14891594,8bc2e1d22cc1b612b2fac9342cfb9386
Mansted,Copy of HESSE-BROWN_6941.jpg,JPEG,2500,2500,2589122,2d167e8653f4bbf54a52f4af7947792e
Lepollen,Copy of 2-2.jpg,JPEG,3948,5922,3248566,822375fda928c4d29ebb932c2204783b
Lepollen,Copy of 3-1.jpg,JPEG,3948,5922,4258792,9ec7733700b26c35da320b5932d40591
Lepollen,Copy of 1-1.jpg,JPEG,3948,5922,3316085,e35926e2560c3441003c0cb47f8b7feb
Lepollen,Copy of 2-3.jpg,JPEG,3944,5916,6452181,bb1cee7588ccfcddef51d529f6052241
Mansted,Copy of HARVEST-RED_6183.jpg,JPEG,2500,2500,2849579,ceea4298f0559239b9dc1240ef04fbb9
Mansted,Copy of HEMINGWAY-EMERALD_6393.jpg,JPEG,2500,2500,3951147,1356578c5480e4c1c1bd2edc17261d14
Mansted,Copy of HOBBIT-NAVY_6365.jpg,JPEG,2500,2500,3613813,4e7715d26b14fb51d500380f883b3ea6
Mansted,Copy of HAIN-BROWN_6934.jpg,JPEG,2500,2500,1825193,ea5e2ed302981594d7fe0d9319774c52
Mansted,Copy of HESSE-BROWN_6940.jpg,JPEG,2500,2500,2432674,9fef4da20d0693b494f74a112197b01e
Mansted,Copy of HARLEQUIN-EMERALD_6389.jpg,JPEG,2500,2500,3399568,07be44aa99b6bcb3443b77decca21340
Mansted,Copy of HAFINA-MUSHROOM_6410.jpg,JPEG,2500,2500,2543294,0dcc0f543584038b1d90050a66eb2576
Mansted,Copy of JOAN-DARK CHARCOAL_6198.jpg,JPEG,2500,2500,2847550,e553a4b1cb1f67156532cb613aaf436c
Lepollen,Copy of 2026.05.12_LEPOLLEN5800.jpg,JPEG,3967,5950,10854285,1fe7ae2339ff47a8c515c556ff92b148
Lepollen,Copy of 1-3.jpg,JPEG,3954,5931,7058977,2bbcb5da504901e91b2b87156c64e2d2
Mansted,Copy of FAY-MUSTARD_6171.jpg,JPEG,2500,2500,3016447,94b8c98b5cffb1c3eab5916b7ee9ddb6
Mansted,Copy of HATTIE-BLUE_6187.jpg,JPEG,2500,2500,3382958,1b1547aeb675d56f0e8692a2917d97d1
Mansted,Copy of JOAN-DARK BROWN_6195.jpg,JPEG,2500,2500,3137217,901fc55891c823a9c8fe9e03d1b9ad97
Mansted,Copy of HARVEST-RED_6184.jpg,JPEG,2500,2500,2736594,db4f3b5cfacad958b696f27043775007
Mansted,Copy of HEMINGWAY-EMERALD_6394.jpg,JPEG,2500,2500,3879694,0fe2de6f807ffac19f1f2f5abc254b1b
Lepollen,Copy of 2026.05.12_LEPOLLEN5786.jpg,JPEG,3961,5941,20480142,945dd918f889c56b24220a15f3e309a4
Mansted,Copy of FAY-MUSTARD_6169.jpg,JPEG,2500,2500,2978854,b61c6d35b1bb6d1e78031b0b592ca732
Mansted,Copy of FAY-LIGHT GRAY_6175.jpg,JPEG,2500,2500,2554220,fd712a4f4cc0a8673ce08b385f142f8c
Mansted,Copy of HARLEQUIN-EMERALD_6388.jpg,JPEG,2500,2500,3422289,82f6a71147658f74657ebd343ce54d27
Mansted,Copy of FAULKNER LIGHT OAT_6343.jpg,JPEG,2500,2500,3049247,899f0f3f530a9b9995f33d0dc1ccb859
Mansted,Copy of HAFINA-MUSHROOM_6412.jpg,JPEG,2500,2500,2478787,1394a4afed85625daecbb2f9bb09fbb1
Mansted,Copy of HOBBIT-NAVY_6364.jpg,JPEG,2500,2500,3692431,5699b01ad1f7da40f4438681369d0469
Mansted,Copy of FAY-LIGHT GRAY_6174.jpg,JPEG,2500,2500,2389050,2d8c7429302ce8c305dceab19937abe7
Mansted,Copy of ELLIE-MUSTARD_6379.jpg,JPEG,2500,2500,2987127,d25be4f3824a65d5ebbbfd4022bab2a3
Mansted,Copy of EMILY-RED_6336.jpg,JPEG,2500,2500,3577454,9e61fd2b3e5dd1b500bd84fe4a272581
Mansted,Copy of HATTIE-BLUE_6188.jpg,JPEG,2500,2500,3310247,4929d8b26b2359f2d18f44a40228f3ac
Mansted,Copy of ELLIE-MUSTARD_6380.jpg,JPEG,2500,2500,3147665,b1c348c3a5f254322c544c2a629c7abe
Mansted,Copy of DOT-SOFT BLUE_6267.jpg,JPEG,2500,2500,3634276,808a64b14163d6f9a44e31b1734a04be
Mansted,Copy of CHRISTIE-DARK CHARCAL_6980.jpg,JPEG,2500,2500,1953051,5aca51c7f0ba7b8b15118394d70162f7
Mansted,Copy of EMILY-RED_6337.jpg,JPEG,2500,2500,3496900,514a611e8e86fd862b5f14485cf14cfc
Mansted,Copy of FAY-LIGHT GRASS_6179.jpg,JPEG,2500,2500,3072550,7c27ab930cc7b396534b281fa3ba8743
Mansted,Copy of HAIN-BROWN_6932.jpg,JPEG,2500,2500,1858115,f504c48ad53ee5ae55723c05d637eca7
Mansted,Copy of DOYLE- MASHROOM_6259.jpg,JPEG,2500,2500,3015212,9b7f0f0a861d0433cea5a4dc7e4f0bb7
Mansted,Copy of DOYLE- MASHROOM_6258.jpg,JPEG,2500,2500,2910746,6799c745d15bc4bc2f6142b760181263
Mansted,Copy of FAY-LIGHT GRASS_6180.jpg,JPEG,2500,2500,3191947,85a18206453f07d37598f46e22febff3
Mansted,Copy of DOT-JADE_6271.jpg,JPEG,2500,2500,2822378,664000ad4c6584c6cb2054b018185e23
Mansted,Copy of DOYLE- DARK GREEN_6262.jpg,JPEG,2500,2500,2925858,88837e7185032742233b67fe6dcb52c5
Mansted,Copy of ELLIE-DUSTY ROSE_6334.jpg,JPEG,2500,2500,3037327,52b9d3b51bd80d23e07c8b56322aeaae
Mansted,Copy of DOT-HERB_6275.jpg,JPEG,2500,2500,3317381,250b1b3c17fdaf71e2e09786986d4e34
Mansted,Copy of FAULKNER LIGHT OAT_6344.jpg,JPEG,2500,2500,3153064,4b761625731da39aeb08b0eca0b9837f
Mansted,Copy of FAULKNER MIDNIGHT_6341.jpg,JPEG,2500,2500,3167664,10020f2a8404e17fd4de13bdb134d47d
Mansted,Copy of CASSIOPEIA-SOFT BLUE_6348.jpg,JPEG,2500,2500,3193753,65c2113048b25bd5885bbf5750b16f8a
Mansted,Copy of FAULKNER MIDNIGHT_6339.jpg,JPEG,2500,2500,3414145,5c44b0eeebf96ab71d4472656484704f
Mansted,Copy of COMMA-HERB_6243.jpg,JPEG,2500,2500,2993762,4b2ff69e17003f2cc5877a589fd63bf6
Mansted,Copy of COMMA-HERB_6244.jpg,JPEG,2500,2500,3051900,576c315e3391324cd984d7c45c095f7e
Mansted,Copy of CHANCE-MUSTARD_6386.jpg,JPEG,2500,2500,3462336,c8402fa436bb3c5e0f4d69d10ca4df74
Mansted,Copy of DOYLE- DARK GREEN_6264.jpg,JPEG,2500,2500,3040146,32cdb514d73f34a193ce5d28a3e42a05
Mansted,Copy of BLYTON-NAVY_6150.jpg,JPEG,2500,2500,3318427,047ecf38b42628f5383a0b5b8d98e019
Mansted,Copy of CHANCE-NAVY_6382.jpg,JPEG,2500,2500,3215349,d5953052c83305b43939731a963492ce
Mansted,Copy of ELLIE-DUSTY ROSE_6333.jpg,JPEG,2500,2500,2849046,35ff67f4aa1d0fd701babbb0ba72f32a
Mansted,Copy of CHRISTIE-NAVY_6982.jpg,JPEG,2500,2500,1993183,bf87ed1ff2f9e9ee40cb922b0088d440
Mansted,Copy of CHANCE-NAVY_6383.jpg,JPEG,2500,2500,3285695,92a0d15eb926f4ec8f8ad647632b15e4
Mansted,Copy of DOT-HERB_6274.jpg,JPEG,2500,2500,3505075,bb1cb4afdcfd836d4890d927416ba56b
Mansted,Copy of CHRISTIE-NAVY_6981.jpg,JPEG,2500,2500,2040268,e0fd64be0c42d889033d742f08dbecf8
Mansted,Copy of CARROLL SKY_6255.jpg,JPEG,2500,2500,2903423,4b1c57634edd5a11ec466ab8a02eecb7
Mansted,Copy of ANNI-SOFE BLUE_6960.jpg,JPEG,2500,2500,2430586,46661f98723bb1b4332f41f9188a87ba
Mansted,Copy of DOT-SOFT BLUE_6266.jpg,JPEG,2500,2500,3723571,78b9afed72aab5d94d28e307671b8552
Mansted,Copy of CHESS-FOREST_6330.jpg,JPEG,2500,2500,3321763,ac31fc0f67d193894b385e9bd2fba4a0
Mansted,Copy of CAMINO-MASHROOM_6229.jpg,JPEG,2500,2500,3130516,5f4dce2cf561faed00c86a193b2b5d11
Mansted,Copy of CHESS-FOREST_6331.jpg,JPEG,2500,2500,3185632,ff16b515464d54f317706cb30acede31
Mansted,Copy of DOT-JADE_6270.jpg,JPEG,2500,2500,2865236,d824f92a7afabd3ba542447d0a11b7c7
Mansted,Copy of BO-NAVY_6926.jpg,JPEG,2500,2500,1844353,c4800b265ca53a3459d4fae0d4227195
Mansted,Copy of CHRISTIE-DARK CHARCAL_6979.jpg,JPEG,2500,2500,1999674,bea6ec9cbb6b873470fb13f63800d862
Mansted,Copy of CASSIOPEIA-SOFT BLUE_6350.jpg,JPEG,2500,2500,3311271,93222f7f2e1222ca192418c07d6d3c60
Mansted,Copy of BOBO-FOREST_6377.jpg,JPEG,2500,2500,2884118,f3188cb46473d20d98352c477d7b64c8
Mansted,Copy of BOWIE-MUSTARD_6238.jpg,JPEG,2500,2500,2711281,7b67aea597c6a99c43d1bc0d67b873b1
Mansted,Copy of CARROLL SKY_6253.jpg,JPEG,2500,2500,3032101,40be0b29b504e17a552a49d850decbd0
Mansted,Copy of BOWIE-BLACK_6234.jpg,JPEG,2500,2500,2076576,8d4af503aac4e4b26d824571e18493ba
Mansted,Copy of CHANCE-MUSTARD_6385.jpg,JPEG,2500,2500,3471591,9091d488a11eafb789b3a278a8107a84
Mansted,Copy of BOWIE-BLACK_6236.jpg,JPEG,2500,2500,2003397,cf97e862cfd273aee3cfc0b8ed33989c
Mansted,Copy of BOBO-FOREST_6376.jpg,JPEG,2500,2500,3034333,8bf3391b6589dd6401ddefc541b24a1f
Mansted,Copy of CAMINO-MASHROOM_6230.jpg,JPEG,2500,2500,3040329,6873488812cb17d77bdd5275fd9a272d
Mansted,Copy of CARROLL GRASS_6248.jpg,JPEG,2500,2500,3296214,a7ce421a46aed6358b80c9a307b56ef6
Mansted,Copy of CARROLL GRASS_6250.jpg,JPEG,2500,2500,3208947,de3adc2eb785ffcc3e1143fdfd5bc7fe
New content,Copy of porter-tote-medium-english-green-3 kopia.jpg,JPEG,1500,1850,935895,eee233c20f8ee2bca7397841e8ed8ec2
Mansted,Copy of BLYTON-MASHROOM_6166.jpg,JPEG,2500,2500,3560719,68e0aa99db9a4d90d1127fcf130503e0
Mansted,Copy of ASTRID-STRAW_6161.jpg,JPEG,2500,2500,3042714,37ff52acef10e980f2a733a29be9a9c0
New content,Copy of porter-tote-medium-english-green-1 kopia.jpg,JPEG,1500,1850,699843,6729397e7252c79e8f23f1a61d090947
Mansted,Copy of BOWIE-MUSTARD_6239.jpg,JPEG,2500,2500,2735318,340fa1b630d40e12ce56c53e0f93b69b
Mansted,Copy of ASTRID-STRAW_6163.jpg,JPEG,2500,2500,3200777,e6f6dd7ac8dccd9661f41a12f2d1a911
Mansted,Copy of AMINA-GRAY_6155.jpg,JPEG,2500,2500,2809642,e4032eeb000c5ab2093f12e604a8846b
New content,Copy of porter-tote-medium-english-green-4 kopia.jpg,JPEG,1500,1850,1640055,cfbca67cfea592c0e22d43cd26d316dc
Mansted,Copy of AMINA-GRAY_6153.jpg,JPEG,2500,2500,2855943,cb2eff45ef506cd75cd9e7350f5f9b47
Mansted,Copy of BLYTON-NAVY_6151.jpg,JPEG,2500,2500,3220298,dc155bdb9ad5b9b1d419613664a79ac0
Mansted,Copy of BO-NAVY_6925.jpg,JPEG,2500,2500,1792489,2ec9933da89d9e9dcee3e2bf5141240b
New content,Copy of FILOU-LEOPARD-3.png,PNG,1000,1500,3888222,09ce16f4ca87ac523b77de536e4d3600
New content,Copy of FILOU-LEOPARD-2.png,PNG,1600,2400,3786652,7e64e6309eff3db9ea8a8c0abe3428eb
New content,Copy of FILOU-LEOPARD-1.png,PNG,1600,2400,3612312,5d88103d88ddebe6a31e97a153f7b54e
Mansted,Copy of BLYTON-MASHROOM_6165.jpg,JPEG,2500,2500,3325838,f9e68f1ddb321feebe6797fccbcf9af7
New content,Copy of FLORA-DUSTY-ROSE-1.png,PNG,1600,2400,4532176,39f162ed5fda123d666296ae44b2e9cd
Mansted,Copy of AMINA-SIENNA_6157.jpg,JPEG,2500,2500,2955982,a4b22b6c2b01025d86a75c2f8819bebc
Mansted,Copy of ANNI-SOFE BLUE_6960_.jpg,JPEG,1500,1500,2738183,143527d5799c278c930ad06d4baac1d0
New content,Copy of ELSA-GIBRALTAR-SEA-3.png,PNG,1000,1500,2426181,b86416af637c5d7217e476f6bc955892
New content,Copy of porter-tote-medium-english-green-2 kopia.jpg,JPEG,1500,1850,595731,6ae09f7f4ebfd99917827deff53a0aab
New content,Copy of FILOU-DOT-3.png,PNG,1000,1500,3685643,76d911e3ba8558d9cff4c947e69ac1a0
New content,Copy of ELSA-GIBRALTAR-SEA-1.png,PNG,1600,2400,3592954,4b5a6fb5c62625907644c9408c84b5b3
New content,Copy of FLORA-DUSTY-ROSE-3.png,PNG,1000,1500,4180241,a5e25868738629ef03393f059a37be59
New content,Copy of 2025.12.23_WTN_e-com15760.jpg,JPEG,1000,1250,1010836,04c53e57ea8ba84f558a591d96f27d38
New content,Copy of 2025.12.23_WTN_e-com15555 kopia 2.jpg,JPEG,1000,1000,496635,b3fac6ed7c6c1723ca192f564aa51d9f
New content,Copy of FIEKE-DOT-1.png,PNG,1600,2400,3615367,edc65a1e4364e3e7555441f7469044f5
New content,Copy of FIEKE-DOT-2.png,PNG,1600,2400,3525113,86b0cacee9923e1c4bb8b71bd0c0b5c6
New content,Copy of FLORA-DUSTY-ROSE-2.png,PNG,1600,2400,4410985,56caf3c7b4110bc4167152b4e7541fa3
New content,Copy of ELSA-GIBRALTAR-SEA-2.png,PNG,1600,2400,3344258,1081975e2f40bdcadce4af5334b5ef5d
New content,Copy of FILOU-DOT-1.png,PNG,1600,2400,2990471,c5ab1687ab5d400da3610eb816f09c20
New content,Copy of 2025.12.23_WTN_e-com15268 kopia 2.jpg,JPEG,1000,1000,454738,c49a83a79f7a2529871d7ea21cdb351f
New content,Copy of 2025.12.23_WTN_e-com15481 kopia 2.jpg,JPEG,1000,1000,480176,da0dc483834a6994101e69b6b4ace54d
New content,Copy of FIEKE-DOT-3.png,PNG,1000,1500,3960719,91dc29847941b1bb8c3de3b2627494ba
New content,Copy of 2025.12.23_WTN_e-com15741 kopia.jpg,JPEG,1000,1250,1079227,7f3c4e10ff9e49f9ea51aa69a3c74e63
New content,Copy of 2025.12.23_WTN_e-com15757.jpg,JPEG,1000,1250,647764,fed0982b5f7c1690ee9ee29843bf3323
New content,Copy of 2025.12.23_WTN_e-com15568 kopia 2.jpg,JPEG,1000,1000,489415,b6a22f46c1bfaae5be3e41b0f89d989a
New content,Copy of 2025.12.23_WTN_e-com15118 kopia 2.jpg,JPEG,1000,1000,478088,a12196b50e87e3fb1d39d618e44384fb
New content,Copy of 2025.12.23_WTN_e-com15198 kopia 2.jpg,JPEG,1000,1000,505594,8901925b57c427cbeb1255b9fb7a8028
New content,Copy of FILOU-DOT-2.png,PNG,1600,2400,3095530,f2652ab2df244d07bca8bfcab9992ea1
New content,Copy of 2025.12.23_WTN_e-com15432 kopia 2.jpg,JPEG,1000,1000,534919,00ba07d0197c89c502cac9cb6c4f039c
New content,Copy of 2025.11.14_MAJTY_kamil_test11145.jpg,JPEG,2707,4060,3409806,85d58cf48048fbef7bb6191ee72f9df5
New content,Copy of 2025.11.14_MAJTY_kamil_test11078.jpg,JPEG,2032,3048,2955301,56ca7c116462222db55f4ee0b1db4ca7
New content,Copy of 960x1200.jpg,JPEG,960,1200,1081684,6d17fa084d0fb1b2cb81b59fd297d92a
New content,Copy of 1000x1250a.jpg,JPEG,1000,1250,1321099,3b11ef6a9ecaa332f0135054adafe35d
New content,Copy of 2025.12.23_WTN_e-com15094 kopia 2.jpg,JPEG,1000,1000,500107,618c86959c8b8715d34751ca221f5adc
New content,Copy of 2025.12.23_WTN_e-com15677.jpg,JPEG,4925,3283,10261875,e1376264dade051834caf8a7617086c9
New content,Copy of 2025.12.23_WTN_e-com15377 kopia 2.jpg,JPEG,1000,1000,463090,661b6f8c72562323be12b6b5ed88b2b0
New content,Copy of FILOU-LEOPARD-2(1).png,PNG,1600,2400,3786652,7e64e6309eff3db9ea8a8c0abe3428eb
New content,Copy of porter-tote-medium-english-green-3 kopia(1).jpg,JPEG,1500,1850,935895,eee233c20f8ee2bca7397841e8ed8ec2
New content,Copy of 2025.11.14_MAJTY_kamil_test11016.jpg,JPEG,3348,5022,5197819,d544b4c7498a9c653847dcbadad0ef8b
New content,Copy of 2025.10.20_WTN_zegarki6721.jpg,JPEG,3082,3852,5219983,8b6e42309f20d22eedba80c7654000f4
New content,Copy of 960x1200b.jpg,JPEG,960,1200,1042006,e73f1486454d2cfa4093a7c1999c9443
New content,Copy of porter-tote-medium-english-green-1 kopia(1).jpg,JPEG,1500,1850,699843,6729397e7252c79e8f23f1a61d090947
New content,Copy of FILOU-LEOPARD-1(1).png,PNG,1600,2400,3612312,5d88103d88ddebe6a31e97a153f7b54e
New content,Copy of 2025.11.14_MAJTY_kamil_test11200.jpg,JPEG,3498,5247,6225399,efdb4aaeb6114dfdb36ee80afdc5b61a
New content,Copy of 2.jpg,JPEG,4000,6000,4134501,3d1eb506073aebf915123af7838a66f5
New content,Copy of 2025.12.23_WTN_e-com15760(1).jpg,JPEG,1000,1250,1010836,04c53e57ea8ba84f558a591d96f27d38
New content,Copy of 2025.11.14_MAJTY_kamil_test11114.jpg,JPEG,2644,3966,6495609,ed5b3ef28e9ac957e508887da89ea5dd
New content,Copy of 1048 kopia.jpg,JPEG,6000,4000,4401984,96906fa49d37bba79273464c1f9162db
New content,Copy of porter-tote-medium-english-green-4 kopia(1).jpg,JPEG,1500,1850,1640055,cfbca67cfea592c0e22d43cd26d316dc
New content,Copy of 1016 kopia.jpg,JPEG,4000,6000,4913660,83eee1323c7dc587b1a968d392dafcc4
New content,Copy of ELSA-GIBRALTAR-SEA-3(1).png,PNG,1000,1500,2426181,b86416af637c5d7217e476f6bc955892
New content,Copy of porter-tote-medium-english-green-2 kopia(1).jpg,JPEG,1500,1850,595731,6ae09f7f4ebfd99917827deff53a0aab
New content,Copy of 2025.11.14_MAJTY_kamil_test11169.jpg,JPEG,2425,3637,4276457,982ede4aefbf8bc8a7598ab788300e99
New content,Copy of FILOU-DOT-1(1).png,PNG,1600,2400,2990471,c5ab1687ab5d400da3610eb816f09c20
New content,Copy of 2025.11.14_MAJTY_kamil_test10978.jpg,JPEG,2603,3904,3629485,2a4d49e9d7a6f1ba6ed9a0c799cfb85d
New content,Copy of FILOU-LEOPARD-3(1).png,PNG,1000,1500,3888222,09ce16f4ca87ac523b77de536e4d3600
New content,Copy of 1019 kopia.jpg,JPEG,4000,6000,4478443,69400359e8e0c7c640c977567bffabce
New content,Copy of FILOU-DOT-3(1).png,PNG,1000,1500,3685643,76d911e3ba8558d9cff4c947e69ac1a0
New content,Copy of FLORA-DUSTY-ROSE-3(1).png,PNG,1000,1500,4180241,a5e25868738629ef03393f059a37be59
New content,Copy of FIEKE-DOT-2(1).png,PNG,1600,2400,3525113,86b0cacee9923e1c4bb8b71bd0c0b5c6
New content,Copy of FLORA-DUSTY-ROSE-1(1).png,PNG,1600,2400,4532176,39f162ed5fda123d666296ae44b2e9cd
New content,Copy of FIEKE-DOT-1(1).png,PNG,1600,2400,3615367,edc65a1e4364e3e7555441f7469044f5
New content,Copy of 2025.12.23_WTN_e-com15198 kopia 2(1).jpg,JPEG,1000,1000,505594,8901925b57c427cbeb1255b9fb7a8028
New content,Copy of ELSA-GIBRALTAR-SEA-1(1).png,PNG,1600,2400,3592954,4b5a6fb5c62625907644c9408c84b5b3
New content,Copy of ELSA-GIBRALTAR-SEA-2(1).png,PNG,1600,2400,3344258,1081975e2f40bdcadce4af5334b5ef5d
New content,Copy of 2025.12.23_WTN_e-com15757(1).jpg,JPEG,1000,1250,647764,fed0982b5f7c1690ee9ee29843bf3323
New content,Copy of FLORA-DUSTY-ROSE-2(1).png,PNG,1600,2400,4410985,56caf3c7b4110bc4167152b4e7541fa3
New content,Copy of FILOU-DOT-2(1).png,PNG,1600,2400,3095530,f2652ab2df244d07bca8bfcab9992ea1
New content,Copy of 2025.12.23_WTN_e-com15268 kopia 2(1).jpg,JPEG,1000,1000,454738,c49a83a79f7a2529871d7ea21cdb351f
New content,Copy of 2025.12.23_WTN_e-com15555 kopia 2(1).jpg,JPEG,1000,1000,496635,b3fac6ed7c6c1723ca192f564aa51d9f
New content,Copy of FIEKE-DOT-3(1).png,PNG,1000,1500,3960719,91dc29847941b1bb8c3de3b2627494ba
New content,Copy of 1.jpg,JPEG,4000,6000,4117187,744707de3a477b4c9b6adc81e99c2af5
New content,Copy of 2025.12.23_WTN_e-com15568 kopia 2(1).jpg,JPEG,1000,1000,489415,b6a22f46c1bfaae5be3e41b0f89d989a
New content,Copy of 2025.12.23_WTN_e-com15481 kopia 2(1).jpg,JPEG,1000,1000,480176,da0dc483834a6994101e69b6b4ace54d
New content,Copy of 2025.11.14_MAJTY_kamil_test11079.jpg,JPEG,2970,4455,3931934,84e0ab84a46d6a7b5fcf4744fc412b9f
New content,Copy of 2025.12.23_WTN_e-com15741 kopia(1).jpg,JPEG,1000,1250,1079227,7f3c4e10ff9e49f9ea51aa69a3c74e63
New content,Copy of 2025.12.23_WTN_e-com15432 kopia 2(1).jpg,JPEG,1000,1000,534919,00ba07d0197c89c502cac9cb6c4f039c
New content,Copy of 1016_.jpg,JPEG,4000,6000,4756392,b2f03763928bc54db47f2ae496420ac7
New content,Copy of 2025.12.23_WTN_e-com15118 kopia 2(1).jpg,JPEG,1000,1000,478088,a12196b50e87e3fb1d39d618e44384fb
New content,Copy of 2025.11.14_MAJTY_kamil_test11114(1).jpg,JPEG,2644,3966,6495609,ed5b3ef28e9ac957e508887da89ea5dd
New content,Copy of 2025.12.23_WTN_e-com15094 kopia 2(1).jpg,JPEG,1000,1000,500107,618c86959c8b8715d34751ca221f5adc
New content,Copy of 2025.12.23_WTN_e-com15377 kopia 2(1).jpg,JPEG,1000,1000,463090,661b6f8c72562323be12b6b5ed88b2b0
New content,Copy of 2025.11.14_MAJTY_kamil_test11145(1).jpg,JPEG,2707,4060,3409806,85d58cf48048fbef7bb6191ee72f9df5
New content,Copy of 2025.11.14_MAJTY_kamil_test11200(1).jpg,JPEG,3498,5247,6225399,efdb4aaeb6114dfdb36ee80afdc5b61a
New content,Copy of 960x1200(1).jpg,JPEG,960,1200,1081684,6d17fa084d0fb1b2cb81b59fd297d92a
New content,Copy of 2025.10.20_WTN_zegarki6721(1).jpg,JPEG,3082,3852,5219983,8b6e42309f20d22eedba80c7654000f4
New content,Copy of 2025.12.23_WTN_e-com15677(1).jpg,JPEG,4925,3283,10261875,e1376264dade051834caf8a7617086c9
New content,Copy of 1048 kopia(1).jpg,JPEG,6000,4000,4401984,96906fa49d37bba79273464c1f9162db
New content,Copy of 2025.11.14_MAJTY_kamil_test11016(1).jpg,JPEG,3348,5022,5197819,d544b4c7498a9c653847dcbadad0ef8b
New content,Copy of 960x1200b(1).jpg,JPEG,960,1200,1042006,e73f1486454d2cfa4093a7c1999c9443
New content,Copy of 2025.11.14_MAJTY_kamil_test11078(1).jpg,JPEG,2032,3048,2955301,56ca7c116462222db55f4ee0b1db4ca7
New content,Copy of 1000x1250a(1).jpg,JPEG,1000,1250,1321099,3b11ef6a9ecaa332f0135054adafe35d
New content,Copy of 2025.11.14_MAJTY_kamil_test10978(1).jpg,JPEG,2603,3904,3629485,2a4d49e9d7a6f1ba6ed9a0c799cfb85d
New content,Copy of 2025.11.14_MAJTY_kamil_test11169(1).jpg,JPEG,2425,3637,4276457,982ede4aefbf8bc8a7598ab788300e99
New content,Copy of 1016 kopia(1).jpg,JPEG,4000,6000,4913660,83eee1323c7dc587b1a968d392dafcc4
New content,Copy of 2(1).jpg,JPEG,4000,6000,4134501,3d1eb506073aebf915123af7838a66f5
New content,Copy of 1019 kopia(1).jpg,JPEG,4000,6000,4478443,69400359e8e0c7c640c977567bffabce
Kramucci,Copy of k3-1.jpg,JPEG,4000,5000,4147280,4974118dc02afc446560ca2269d5b2f9
Kramucci,Copy of k2-4.jpg,JPEG,3957,4946,5140765,a83449f2003769eef5bfedbb4f24c77b
Kramucci,Copy of k2-2.jpg,JPEG,4000,5000,3046723,9c3c0b7ad30b8d3f821bb2ca194acb70
New content,Copy of 1(1).jpg,JPEG,4000,6000,4117187,744707de3a477b4c9b6adc81e99c2af5
Kramucci,Copy of k1-3.jpg,JPEG,4000,5000,2180101,84f164a788d8230cb05c296400b9a1dd
VEE,Copy of porter-tote-small-chanterelle-3.jpg,JPEG,4320,5400,1844131,b7f13c378cf62dd9bb637b900b5ba534
Kramucci,Copy of k3-5.jpg,JPEG,3983,4979,5528467,e0923ab1e78b9bbb611f071e9fc1e127
VEE,Copy of VEE-COLLECTIVE-6.jpg,JPEG,4320,5400,7421430,aee0ef1ec7780b78de46e4f0de460f7c
Kramucci,Copy of k2-.jpg,JPEG,4000,5000,3450529,7b251c87c13fa3fa982b71d7d4b094eb
Kramucci,Copy of k3-2.jpg,JPEG,4000,5000,3262090,5f318b6eba27cea305f5a947e23adc84
Kramucci,Copy of k1-2.jpg,JPEG,4000,5000,3235040,f373416ba38f7f946e13fbefc7a2a4d3
New content,Copy of 2025.11.14_MAJTY_kamil_test11079(1).jpg,JPEG,2970,4455,3931934,84e0ab84a46d6a7b5fcf4744fc412b9f
VEE,Copy of VEE-COLLECTIVE-5.jpg,JPEG,4320,5400,5506630,ad997dae980d454c159af2963f5b7317
VEE,Copy of porter-tote-small-chanterelle-1.jpg,JPEG,4320,5400,2039350,7cf1cc4f767fe42b76fec920c9d6f967
VEE,Copy of porter-tote-mediu-chanterelle-1.jpg,JPEG,4320,5400,2573705,d2ca0f7fd0e2b1561d89c81ea56ab47c
VEE,Copy of porter-tote-small-chanterelle-9.jpg,JPEG,4320,5400,9503306,63ca4ccad99e415098a0ee47eecdbb1f
Kramucci,Copy of k2-3.jpg,JPEG,4000,5000,1829733,75ed05fdea32ab81076bd9214b3a42cb
Kramucci,Copy of k3-4.jpg,JPEG,3957,4946,7982699,a6353bf5438c15df4a0d2f2875f7aed8
VEE,Copy of VEE-COLLECTIVE-4.jpg,JPEG,4320,5400,8369831,bcbe9861264d963b76349795af396557
New content,Copy of 1016_(1).jpg,JPEG,4000,6000,4756392,b2f03763928bc54db47f2ae496420ac7
Kramucci,Copy of k1-5.jpg,JPEG,3983,4979,5289334,abe05c348497364c10aa76a479a07486
Kramucci,Copy of k1-1.jpg,JPEG,4000,5000,3099116,6720b8896fbb7a391a022f237003ce27
Kramucci,Copy of k2-5.jpg,JPEG,3983,4979,5309662,451669d06b7f036b2b18dddc9d95d795
VEE,Copy of porter-tote-mediu-chanterelle-2.jpg,JPEG,4320,5400,3320094,a46b399abda98ba94fc393a224d54123
Kramucci,Copy of k3-3.jpg,JPEG,4000,5000,2125832,0cf3a795b793e6c1d5f754c58ebf8441
VEE,Copy of porter-tote-small-chanterelle---5955.jpg,JPEG,4320,5400,2811592,9eee400602688529a106bad28a65c7b7
VEE,Copy of porter-tote-small-chanterelle-2.jpg,JPEG,4320,5400,2135943,0cc61911e1b2cda484a98ae1b8cc202a
VEE,Copy of porter-marche-large-chanterelle---5961_.jpg,JPEG,4320,5400,3043830,b4963bde8868cd0c01176d33bfdc872c
VEE,Copy of porter-tote-mediu-chanterelle-3.jpg,JPEG,4320,5400,2541443,1be2553d5f92c936d03c9c883241e248
Kramucci,Copy of k1-4.jpg,JPEG,3957,4946,7762199,f68bb849e455c8ae0c334a1939a8a363
VEE,Copy of VEE-COLLECTIVE-3.jpg,JPEG,4320,5400,8129641,997300f3684e862f060a47f16574c953
VEE,Copy of VEE-COLLECTIVE-1.jpg,JPEG,4320,5400,4079968,f93cc0d1e55b967bcbb74fdfd73e4720
VEE,Copy of porter-tote-medium-chanterelle--6730.jpg,JPEG,4320,5400,10861027,43473585cb742fd6adf600c6f0379303
VEE,Copy of porter-tote-mediu-chanterelle---5951.jpg,JPEG,4320,5400,3126638,cff39a69a9903db1324d3879dac09820
VEE,Copy of VEE-COLLECTIVE-2.jpg,JPEG,4320,5400,3164719,47548311f2e4747f815888468ac8fe96
VEE,Copy of porter-marche-large-chanterelle--6738-2579.jpg,JPEG,4320,5400,11436699,7941396b188574b002744191668981da
VEE,Copy of essence-tote-medium-lead gray-3.jpg,JPEG,4320,5400,3124826,e182fbacec227852d7b20108594732d7
VEE,Copy of essence-tote-small-lead gray-7.jpg,JPEG,4320,5400,1939356,03b8681cc618009ebffd37abd3a3eccb
VEE,Copy of porter-tote-medium-chanterelle--6735.jpg,JPEG,4320,5400,8854145,101857bb15b6ff23ac2afbfb1258a211
VEE,Copy of essence-tote-small-lead gray-5.jpg,JPEG,4320,5400,2350462,b98fff3864bc62410b752d26980e6881
VEE,Copy of essence-tote-medium-lead gray1.jpg,JPEG,4320,5400,3525129,49dff15d0f261b6eb9d6a74a2359acb5
VEE,Copy of essence-tote-small-lead gray-4.jpg,JPEG,4320,5400,2112221,ce70bb6850cd203a19dd32311329ebb6
VEE,Copy of porter-marche-large-chanterelle--6738-2574.jpg,JPEG,4320,5400,9496518,b09ddb33a99d74367a07fb53582f6adb
VEE,Copy of essence-tote-medium-lead gray-2.jpg,JPEG,4320,5400,3713835,2a9b769a675796d8a9785a3c29b0d042
VEE,Copy of essence-marche-medium-jet black-6134.jpg,JPEG,4320,5400,3303701,1f4b97387e99d52c9e6b2cd09b9cdeec
VEE,Copy of porter-tote-small-chanterelle-6.jpg,JPEG,4320,5400,10895647,2988fa5f74ed61ceca1dec1f9ea82f1d
VEE,Copy of essence-tote-small-lead gray-8.jpg,JPEG,4320,5400,14235356,c5538603a3533102f4011fbdaf5c7ed4
VEE,Copy of essence-marche-medium-beige-11.jpg,JPEG,4320,5400,3064989,bb844e1e5ae29880cb2c60949f3c6b80
VEE,Copy of essence-marche-medium-beige-6125.jpg,JPEG,4320,5400,3436458,df24a6004d0ce7eaccec445c41b06591
VEE,Copy of essence-tote-small-lead gray-9.jpg,JPEG,4320,5400,12899531,e4b439e90d8ced81a23cba3d07d85910
VEE,Copy of essence-tote-medium-lead gray-9.jpg,JPEG,4320,5400,14791046,488a7c306c8a4e5238cc564170f35619
VEE,Copy of essence-marche-medium-jet black-1.jpg,JPEG,4320,5400,2804195,c4a45dfb034726653ba54073f574ae34
VEE,Copy of essence-tote-medium-lead gray-5.jpg,JPEG,4320,5400,10652148,83608563f4de0dbfe86a6182ec305734
VEE,Copy of essence-marche-medium-jet black-4.jpg,JPEG,4320,5400,10962400,1567a590c174caa50df634da31462f6b
VEE,Copy of essence-marche_latge-jet black-6415.jpg,JPEG,4320,5400,4152364,219c36f427a17d283c5618ef1cf56cbd
VEE,Copy of essence-marche-medium-mink-7.jpg,JPEG,4320,5400,13864560,ed5e0524f1a35ed3c3f7d60604ea3020
VEE,Copy of essence-marche_large-jet black-3.jpg,JPEG,4320,5400,3039164,a31c884b93528bee57e3f2aca97e821b
VEE,Copy of essence-marche-medium-mink-3.jpg,JPEG,4320,5400,2984965,8e4a47da66b334aa81df8b503c832145
VEE,Copy of essence-marche_large-mink-1.jpg,JPEG,4320,5400,3866498,60a744e7173ccdc4b78465c85d86059d
VEE,Copy of essence-marche-medium-mink--6120a.jpg,JPEG,4320,5400,3165204,8e267eed6143346f6038abf9d93ffa60
VEE,Copy of essence-marche_large-mink6422 kopia.jpg,JPEG,4320,5400,3936065,e643b739a2ebb697b1a2f80e783e67ae
VEE,Copy of essence-marche_large-beige-6426.jpg,JPEG,4320,5400,3894087,ab56ef2be2447a81f2cbec79ad3c8777
VEE,Copy of essence-marche-medium-mink-6.jpg,JPEG,4320,5400,14543405,cfeee796b3d05ec8bc50227458a795de
VEE,Copy of essence-tote-medium-lead gray-1.jpg,JPEG,4320,5400,3243749,2db258ba1995915b988f726da5791fde
VEE,Copy of essence-marche_large-jet black-7.jpg,JPEG,4320,5400,10089186,28aec5d855e4c3ac47df542d873288a8
VEE,Copy of essence-marche_large-mink-10.jpg,JPEG,4320,5400,13237872,8179b1795ab70a9ee6d288b84b8356f8
VEE,Copy of essence-marche-medium-jet black-3.jpg,JPEG,4320,5400,2458344,144db910ac53ac1ba3854b2d55a8a0ec
VEE,Copy of essence-marche-medium-beige-12.jpg,JPEG,4320,5400,3289556,48f42c8c3adf6908c723db2e656e91b3
VEE,Copy of essence-marche_large-mink-2.jpg,JPEG,4320,5400,4501756,3b31fe33f12c02ceb8d9a73a08945a0d
VEE,Copy of essence-marche-medium-beige-13.jpg,JPEG,4320,5400,2835906,d2e21155081eb2bf61b6e882110c7faa
VEE,Copy of essence-marche-medium-mink-8.jpg,JPEG,3964,5946,17739958,bd41840f3bb90d0d337e6db640b29ad3
VEE,Copy of essence-marche-medium-jet black-2.jpg,JPEG,4320,5400,3057324,d5a4bbf0bf5774e8a5eddc0bfb144327
VEE,Copy of essence_tote_weekender-in-shale-1.jpg,JPEG,4320,5400,3520699,bafd2aa3eb46c676bdf7c333131b6bc6
VEE,Copy of essence-marche_large-mink-3.jpg,JPEG,4320,5400,3350335,cda241300e4093a807a8cd58c1daf9d3
VEE,Copy of essence-marche_large-beige-3.jpg,JPEG,4320,5400,3126794,28e53a30121c65afbdc3962fd483c4ec
VEE,Copy of essence-marche-medium-mink-2.jpg,JPEG,4320,5400,3407755,f8d45d989017c0c07f1e28e7895c8c2c
VEE,Copy of essence-marche_large-jet black-2.jpg,JPEG,4320,5400,4339478,ca006edaa4e1204ce0bee0c6a3d93fdb
VEE,Copy of essence-marche_large-jet black-12.jpg,JPEG,4320,5400,11386343,b0bf4255bd315f3d1947fbf2359b96a7
VEE,Copy of essence-marche_large-beige-2.jpg,JPEG,4320,5400,3891360,297723a9ead691dbcf4d7025a286c9b7
VEE,Copy of essence-marche_large-beige-1.jpg,JPEG,4320,5400,3757743,2515f7e7c8a5042d505c60b1d99be931
VEE,Copy of essence-marche-medium-jet black-10.jpg,JPEG,4320,5400,9995467,60176ac57b96ce301236386ed4eeb241
VEE,Copy of essence-marche-medium-beige-17.jpg,JPEG,4320,5400,15057842,e2dd6161e237991e276d18b9426accc1
VEE,Copy of essence_tote_weekender-in-shale-3.jpg,JPEG,4320,5400,3081978,1e7abaad8365569c3954f65cd765008a
VEE,Copy of essence-marche_large-jet black-4.jpg,JPEG,3963,5944,12812958,20540e81e7be29232f544b40ede786f6
VEE,Copy of essence_tote_weekender-in-shale-9.jpg,JPEG,4320,5400,13876434,c360864ee19149a771f1eb086c4b1c31
VEE,Copy of essence_tote_weekender-ilead-gray-3.jpg,JPEG,4320,5400,3629231,596793c3efe87b5a42ebffea31c9d1c0
VEE,Copy of essence-marche_large-jet black-1.jpg,JPEG,4320,5400,3909863,d28373ae7b538f3875701bf676558cd8
VEE,Copy of essence-marche_large-beige-6.jpg,JPEG,4320,5400,11464209,81046beae62fb27c21e2efb6880ac7f6
VEE,Copy of essence-marche_large-mink-6.jpg,JPEG,4320,5400,11177958,b1106cea89727a52ac451e18f9244b12
VEE,Copy of essence-marche-medium-beige-16.jpg,JPEG,4320,5400,11541061,f05f422995536aa5e39487504d797473
VEE,Copy of essence-marche_large-beige-8.jpg,JPEG,4320,5400,11667496,7da00ab6296dd47e38bba942e672cf7c
VEE,Copy of essence_tote_weekender-ilead-gray-11.jpg,JPEG,4320,5400,13427765,abab5ccd1b3456c6181d087d682f27c6
VEE,Copy of essence_tote_weekender-in-shale-2.jpg,JPEG,4320,5400,3789167,f145b5031c9356a55affd810c20e45b3
VEE,Copy of essence_tote_weekender-in-shale--5945.jpg,JPEG,4320,5400,3916251,407ef46d30056544c3f8a837557d21c3
VEE,Copy of essence_tote_small-5918.jpg,JPEG,4320,5400,2808610,22dfa948b8f11aff1a8f8959f2c9ead9
VEE,Copy of essence_tote_small-3.jpg,JPEG,4320,5400,1821568,1e4fa954420e3c1eae1cf333c9268921
VEE,Copy of caba-banana-lead-gray66131.jpg,JPEG,4320,5400,2641195,ad1df97435c07d676d87ead0a6584a2e
VEE,Copy of essence_tote_weekender-ilead-gray-1.jpg,JPEG,4320,5400,3705507,d6d47b3b7cf1ab9dcecefbe913e186ac
VEE,Copy of essence_tote_weekender-in-shale-6.jpg,JPEG,4320,5400,11591944,d828d5a1e473c878bb0e2bb063410a0f
VEE,Copy of essence_tote_weekender-ilead-gray--5939.jpg,JPEG,4320,5400,3987984,a2a48060f1a71f0e7a0a6412ac5d8675
VEE,Copy of essence_tote_weekender-ilead-gray-2.jpg,JPEG,4320,5400,4350830,90b1d47950a8c0ad2be5de227133a470
VEE,Copy of essence_tote_small-lead-gray--5923.jpg,JPEG,4320,5400,2875149,1544d630bf2d584e004c9883908e1e0a
VEE,Copy of essence_tote_medium-in-shale-3.jpg,JPEG,4320,5400,2911456,0d6128e9c11496ede359621614ee55c4
VEE,Copy of essence_tote_small-1.jpg,JPEG,4320,5400,2021277,2fe6b277a026d25b9d8798f07e458d4c
VEE,Copy of caba-clutch-lead-gray-7a.jpg,JPEG,4320,5400,1937082,59a4b49d5104c2ee3a852f3428c45b73
VEE,Copy of essence_tote_small-5.jpg,JPEG,4320,5400,14413138,b5b0157aca52d6ff0c8766089fb4e1d8
VEE,Copy of caba-clutch-lead-gray-1.jpg,JPEG,4320,5400,1698170,d1c80903f61626853c8680863a85da77
VEE,Copy of essence_tote_medium-in-shale-1.jpg,JPEG,4320,5400,3566506,e720c87fd0a76de9a4d9f571a031090d
VEE,Copy of essence_tote_weekender-ilead-gray-8 kopia.jpg,JPEG,4320,5400,10148258,92219ab755be1c0d091a6a7bc0158f24
VEE,Copy of 1-2.jpg,JPEG,4320,5400,3832045,11fe7fe8a24922ce2b66d11ed7fa684d
VEE,Copy of caba-clutch-lead-gray-5971.jpg,JPEG,4320,5400,2501082,f10d0a0c0db38d91721ae86999ecf96a
VEE,Copy of essence_tote_small-2.jpg,JPEG,4320,5400,2419977,fb3d76af95e6dd7790f61ea6882d61ab
VEE,Copy of caba-clutch-lead-gray-10.jpg,JPEG,4320,5400,10341388,47177d1b10def546c1425a6b5d7ca5a2
VEE,Copy of caba-clutch-lead-gray-8.jpg,JPEG,4320,5400,1602595,be0e4686ae4b2c272daf4403de114222
VEE,Copy of essence_tote_medium-in-shale-4.jpg,JPEG,4320,5400,13321553,7ad65ea3c3fd9cde240b8593c106233c
VEE,Copy of essence_tote_medium-in-shale-2.jpg,JPEG,4320,5400,3881130,d8c022a05f044ae4bb77ee90a19c3f1a
VEE,Copy of 1-1.jpg,JPEG,4320,5400,3607792,2265b13112816e21e28501cb3d37ca3b
VEE,Copy of caba-banana-lead-gray3.jpg,JPEG,4320,5400,2202603,144e1a19f08cbc310880709e5c038d25
VEE,Copy of caba-clutch-lead-gray-9.jpg,JPEG,4320,5400,1170699,25afb3a1c220e2c7e9f7e1d0bc620460
VEE,Copy of essence_tote_medium-in-shale-10.jpg,JPEG,4320,5400,16046102,65d036b50015be19ef2bb5caa242e60d
VEE,Copy of 1-4.jpg,JPEG,4320,5400,10543220,68aa216a448bae88e4696e5b90f409d4
VEE,Copy of essence_tote_small-4.jpg,JPEG,4320,5400,12453305,bfcc033b40aeb07e0a6f5b07cb7c2433
VEE,Copy of caba-banana-lead-gray-2.jpg,JPEG,4320,5400,1920163,657ab0a5d891266f455ea3029bea5d5e
Creatives+On-Model,Copy of 2026.03.23_WTN_model_packshot2429 kopiaa.jpg,JPEG,2000,810,976241,c154beae6bbeaa54d25d2be8f0f5aaab
VEE,Copy of essence_tote_medium-in-shale--5934.jpg,JPEG,4320,5400,3889035,88d25bdc0d4f2253a674ee11f0a2994d
Creatives+On-Model,Copy of 2026.03.23_WTN_model_packshot2429 kopia.jpg,JPEG,1000,1250,736643,3f3b409caba30eb5a047fb1d3ba1d551
Creatives+On-Model,Copy of 2026.03.23_WTN_model_packshot2420 kopia.jpg,JPEG,1000,1250,749467,35b8785b5d8f1d8034cd196a25972f3a
Creatives+On-Model,Copy of 2026.03.23_WTN_model_packshot2440 kopiaa.jpg,JPEG,1000,1250,774659,79c1ab9437bada09478b19cf6d7c65fe
Creatives+On-Model,Copy of 2026.03.23_WTN_model_packshot2440 kopiaf.jpg,JPEG,2000,810,994856,bad9cfd34ee64bd566c37e0c04eb140e
Creatives+On-Model,Copy of 2026.03.23_WTN_model_packshot2428 kopiaa.jpg,JPEG,1000,1250,756640,6cac55929e5ca0bf00a35391a0da06ed
VEE,Copy of caba-banana-lead-gray-3.jpg,JPEG,4320,5400,1202798,a27abbe72ab35759c97a9485cdc08f55
Creatives+On-Model,Copy of 2026.03.23_WTN_model_packshot2415 kopias.jpg,JPEG,2000,810,868922,4bbbe8f24a1c6abc18faf436e92dd303
VEE,Copy of 1-3.jpg,JPEG,4320,5400,2825044,be76a82ff2ad29eef70960bd692d7097
Creatives+On-Model,Copy of 2026.03.23_WTN_model_packshot2422 kopiaa.jpg,JPEG,1000,1250,752862,70fb4ed669bf9ca32d66d44b13aa5786
VEE,Copy of 1-5.jpg,JPEG,4320,5400,13673461,28224c95a5b7d1878781ec5557cc963d
Creatives+On-Model,Copy of 2026.03.23_WTN_model_packshot2420 kopiad.jpg,JPEG,2000,810,907304,85e3029617057c0433bf9b351f0cadfc
Creatives+On-Model,Copy of 2026.03.23_WTN_model_packshot2428 kopiag.jpg,JPEG,2000,810,958959,036ffef04e93b92e75487a781d31e222
Creatives+On-Model,Copy of 2026.03.23_WTN_model_packshot2418 kopiaa.jpg,JPEG,1000,1250,726098,58691c428fcd9580e552eb47aa80b5f8
VEE,Copy of caba-banana-lead-gray-4.jpg,JPEG,4320,5400,9765475,07c6f450b7bc9f7c98a0399a337c14c7
VEE,Copy of caba-banana-lead-gray-1.jpg,JPEG,4320,5400,1277358,3dd1903ef87798402b4bb8208d6bba0b
Creatives+On-Model,Copy of 2026.03.23_WTN_model_packshot2114.jpg,JPEG,1080,1080,488129,5cebdc23317b2a3bb3a6f7ff04f429e7
Creatives+On-Model,Copy of 2026.03.23_WTN_model_packshot2418 kopiaaa.jpg,JPEG,2000,810,864152,f817881cdadb8b39d596c18354f312e5
Creatives+On-Model,Copy of 2026.03.23_WTN_model_packshot2106 kopia.jpg,JPEG,1080,1080,519607,8eb26fc1dadff202da85c0f149982a57
Creatives+On-Model,Copy of 2026.03.23_WTN_model_packshot2053 kopia.jpg,JPEG,1080,1080,457673,0220b6578bdf148547d3867416a1cfd5
Creatives+On-Model,Copy of 2026.03.23_WTN_model_packshot2420 kopias.jpg,JPEG,2000,810,868797,af031a5bd94687af5198d4693fa8db37
Creatives+On-Model,Copy of 2026.03.23_WTN_model_packshot2008 kopia.jpg,JPEG,1080,1080,462889,ef9ad59f02f9bc94ece928a3a4f8698a
Creatives+On-Model,Copy of 2026.03.23_WTN_model_packshot2109 kopia.jpg,JPEG,1080,1080,534520,94a1c3f7b588e98b574d23842668e787
Creatives+On-Model,Copy of 2026.03.23_WTN_model_packshot2422 kopiah.jpg,JPEG,2000,810,991506,bdf69fac60c5c12cd69d4f3f652cdaea
Creatives+On-Model,Copy of 2026.03.23_WTN_model_packshot2080 kopia.jpg,JPEG,1080,1080,529163,1339dc45d1829d733347c0e9f60e11d4
Creatives+On-Model,Copy of 2026.03.23_WTN_model_packshot2071 kopia.jpg,JPEG,1080,1080,523099,45e925c2adff20189b59393046bf2103
Creatives+On-Model,Copy of 2026.03.23_WTN_model_packshot2415 kopiaa.jpg,JPEG,1000,1250,721130,76ae114c94db65dead231ebe26295b1b
Creatives+On-Model,Copy of 2026.03.23_WTN_model_packshot2040 kopia.jpg,JPEG,1080,1080,455036,455a22be2be3684c8db452f26f8baef4
Creatives+On-Model,Copy of 2026.03.23_WTN_model_packshot1971 kopia.jpg,JPEG,1080,1080,475575,b3155f0b610b5cc5793ad4accb528da4
Creatives+On-Model,Copy of 2026.03.23_WTN_model_packshot2026 kopia.jpg,JPEG,1080,1080,481335,3a44ecd3529a012a94ee3577635afd76
Creatives+On-Model,Copy of 2026.03.23_WTN_model_packshot2043 kopia.jpg,JPEG,1080,1080,463434,38f3a0af98e6af5540d38524380069bf
Creatives+On-Model,Copy of 2026.03.23_WTN_model_packshot2115 kopia.jpg,JPEG,1080,1080,482581,a6da83aa7ccffe992359e08345d89117
Creatives+On-Model,Copy of 2026.03.23_WTN_model_packshot1916 kopia.jpg,JPEG,1080,1080,486391,70e77ef62a2b28f49862d151ab59bbc4
Creatives+On-Model,Copy of 2026.03.23_WTN_model_packshot1832.jpg,JPEG,1080,1080,456061,43ae8b7f20d90ecefacb1dc0bdb29f8a
Creatives+On-Model,Copy of 2026.03.23_WTN_model_packshot2124 kopia 2.jpg,JPEG,1080,1080,499818,3dc2f87e4514347b9ab3457b2d93b4f8
Creatives+On-Model,Copy of 2026.03.23_WTN_model_packshot1989 kopia.jpg,JPEG,1080,1080,509449,12a344d1bf946b7edce5bfb13c8f366a
Creatives+On-Model,Copy of 2026.03.23_WTN_model_packshot1917 kopia.jpg,JPEG,1080,1080,494401,2d906983eefcbc473a86f4dc51150083
Creatives+On-Model,Copy of 2026.03.23_WTN_model_packshot1857 kopia.jpg,JPEG,1080,1080,487284,4b135e40780c3f63f4b0d96e86b8a8d5
Creatives+On-Model,Copy of 2026.03.23_WTN_model_packshot1805.jpg,JPEG,1080,1080,442955,a63855a9eaf039a7ba1ed5d4ade2a723
Creatives+On-Model,Copy of 2026.03.23_WTN_model_packshot1904 kopia.jpg,JPEG,1080,1080,449540,e92c1a6d8806f0d4290621d3cdd07b3a
Creatives+On-Model,Copy of 2026.03.23_WTN_model_packshot2019 kopia.jpg,JPEG,1080,1080,477671,88e523823312c71f70b75f336d10ab17
Creatives+On-Model,Copy of 2026.03.23_WTN_model_packshot1799.jpg,JPEG,1080,1080,445665,5581ce5fee1d04f21a1f6476ac516441
Creatives+On-Model,Copy of 2026.03.23_WTN_model_packshot1882 kopia.jpg,JPEG,1080,1080,457764,a805d94e6987ba734bf5351c5dc4d828
Creatives+On-Model,Copy of 2026.03.23_WTN_model_packshot2285 kopia.jpg,JPEG,1000,1250,507000,ad259593329088b1d1043eabca0e6651
Creatives+On-Model,Copy of 2026.03.23_WTN_model_packshot2315 kopia.jpg,JPEG,1000,1250,502534,a1b4e351a267f44bf11f0b1096b6b826
Creatives+On-Model,Copy of 2026.03.23_WTN_model_packshot1953 kopia.jpg,JPEG,1080,1080,495946,536db0459dc3a3ed92ee7d70ab0ffee7
Creatives+On-Model,Copy of 2026.03.23_WTN_model_packshot2299 kopia.jpg,JPEG,1000,1250,507502,c568f2e3ed15b1b2498bd0726174d017
Creatives+On-Model,Copy of 2026.03.23_WTN_model_packshot2285 kopiaa.jpg,JPEG,2000,810,431189,2115a974238d865e3febc5bca74023ec
Creatives+On-Model,Copy of 2026.03.23_WTN_model_packshot1854 kopia.jpg,JPEG,1080,1080,466764,a2d524e2e35246628e442b8d11f8edb7
Creatives+On-Model,Copy of 2026.03.23_WTN_model_packshot1861 kopia.jpg,JPEG,1080,1080,474080,3c3e042aab9cee9d352c7870685bbd86
Creatives+On-Model,Copy of 2026.03.23_WTN_model_packshot2315 kopiaa.jpg,JPEG,2000,810,442981,c5e321c5807011c2424e43e5584507bf
Creatives+On-Model,Copy of 2026.03.23_WTN_model_packshot2284 kopiaa.jpg,JPEG,2000,810,481042,b438c6e8d27175445b970a0027fc00ce
Creatives+On-Model,Copy of 2026.03.23_WTN_model_packshot2259 kopia.jpg,JPEG,1000,1250,507520,9a9def9bccb4f74065fba57d6b147839
Creatives+On-Model,Copy of 2026.03.23_WTN_model_packshot2275 kopiaa.jpg,JPEG,2000,810,422133,d0988017d03f977c2410fb499bcf597e
Creatives+On-Model,Copy of 2026.03.23_WTN_model_packshot2275 kopia.jpg,JPEG,1000,1250,378163,ed9b99d5f70c97d79a66450f6c270d62
Creatives+On-Model,Copy of 2026.03.23_WTN_model_packshot2282 kopia.jpg,JPEG,1000,1250,433458,3f9b40d24a97d5e97fa342a7c2c73a0b
Creatives+On-Model,Copy of 2026.03.23_WTN_model_packshot2299 kopiaa.jpg,JPEG,2000,810,431678,7d0659b89dcb7b0a1bb8cf5379376df3
Creatives+On-Model,Copy of 2026.03.23_WTN_model_packshot2284 kopia.jpg,JPEG,1000,1250,460470,81206dc0a8e5aa924c206f40496ea22b
Creatives+On-Model,Copy of 2025.12.23_WTN_e-com15656 kopia 3a.jpg,JPEG,1200,1200,1309216,e2dd82c402ae7d2a4fe6428090404e03
Creatives+On-Model,Copy of 2025.12.23_WTN_e-com15656 kopia 3.jpg,JPEG,1200,1200,1152804,258588353b6708dec17d1bb577990b36
Creatives+On-Model,Copy of BANNER 2 (960_1200).jpg,JPEG,960,1200,398547,e1aaaaba7be6f8677822f0ab5cc3fc32
Creatives+On-Model,Copy of 2026.03.23_WTN_model_packshot2282 kopiaa.jpg,JPEG,2000,810,427634,5c26658f822fd417989e78dcc4ee509d
Creatives+On-Model,Copy of 2026.03.23_WTN_model_packshot2278 kopia.jpg,JPEG,2000,800,453324,d06375e117d0346714e8d61731409427
Creatives+On-Model,Copy of 1080x1920b.jpg,JPEG,1080,1920,1802149,49bd91f338300ca37ca24a7f78a67a1f
Creatives+On-Model,Copy of 1080x1920.jpg,JPEG,1080,1920,1813607,55b62ff6f5ed8ec73590858b26386d79
Creatives+On-Model,Copy of BANNER 2 (2000_800).jpg,JPEG,2000,800,440382,a04cbfdcb1eb36de74a0585318822c6b
Creatives+On-Model,Copy of 2025.12.23_WTN_e-com15656 kopia 3b.jpg,JPEG,1200,1200,1154442,841e0e66a457e239f9064c0db1e0f87a
Creatives+On-Model,Copy of BANNER 2 (1000_1250).jpg,JPEG,1000,1250,436760,b0d15449d272ff2475b15f4a7396a38f
Creatives+On-Model,Copy of 1080x1920a.jpg,JPEG,1080,1920,2174412,90b623c6c9e0e0aff474d447c5b1294e
Creatives+On-Model,Copy of 2026.03.23_WTN_model_packshot2259 kopiaa.jpg,JPEG,2000,810,267310,d928a600fb32432afbd15dc5ba3cae6c
Creatives+On-Model,Copy of BANNER 2 (1200_1200).jpg,JPEG,1200,1200,477275,21ea06cdaa5751b33768fb578742d3eb
Creatives+On-Model,Copy of 2000_800 Gradient.jpg,JPEG,2000,800,337345,2fed946f53af60c2d5f32d1f2638bf50
Creatives+On-Model,Copy of 1080_1920 Gradient.jpg,JPEG,1080,1920,525113,dc5748e9f45050761b66cd173dbe4850
Creatives+On-Model,Copy of 1200_628.jpg,JPEG,1200,628,207352,a2f4cce80cc70d368b06a58dc027a5a7
Creatives+On-Model,Copy of 1200_1200 Gradient.jpg,JPEG,1200,1200,494700,e48fe4266ae57ca72677c3d61595e06a
Creatives+On-Model,Copy of 2025.12.23_WTN_e-com15516 kopia.jpg,JPEG,1000,1250,691565,d7a71331c92673f0232a5e2cedcd3463
Creatives+On-Model,Copy of BANNER 2 (1080_1920).jpg,JPEG,1080,1920,595688,5b69dbaf885bfb9db60a8392879405dd
Creatives+On-Model,Copy of 2025.12.23_WTN_e-com15527 kopia.jpg,JPEG,1000,1250,661529,bcf27d56575f4a05129a326080ae8272
Creatives+On-Model,Copy of BANNER 2 (1200_628).jpg,JPEG,1200,628,309673,972a423c1b3cd0435a496bca70f9b9f9
Creatives+On-Model,Copy of 2026.03.23_WTN_model_packshot2278 kopiaa.jpg,JPEG,1000,1250,423837,a4cd24fcf6a13bfb3c5cb87d1cf118ba
Creatives+On-Model,Copy of 2025.12.23_WTN_e-com15507 kopia.jpg,JPEG,1000,1250,620000,7a9129a40d62d1223f8a1d4eacf690bc
Creatives+On-Model,Copy of 960_1200 Gradient.jpg,JPEG,960,1200,389524,2c4194790758b4c45134adc823de9058
Creatives+On-Model,Copy of 2025.12.23_WTN_e-com15559 kopia.jpg,JPEG,1000,1250,639795,197f43cf4ffa8e762a2aff45882f4df6
Creatives+On-Model,Copy of 2025.12.23_WTN_e-com15444 kopia.jpg,JPEG,1000,1250,677428,b909f3faa947669b46bd817157e02554
Creatives+On-Model,Copy of 2025.12.23_WTN_e-com15432 kopia.jpg,JPEG,1000,1250,689614,ca627abdb492fcb01dd71a4637a563dc
Creatives+On-Model,Copy of 1000_1250 Gradient.jpg,JPEG,1000,1250,412381,d031f26b3dc6a9f1ddafe400a9920934
Creatives+On-Model,Copy of 2025.12.23_WTN_e-com15466 kopia.jpg,JPEG,1000,1250,626812,6e512c380a4a7fd22c20e1b38e5141b2
Creatives+On-Model,Copy of 2025.12.23_WTN_e-com15365 kopia.jpg,JPEG,1000,1250,582021,590d2f80a95ca0ec8004b15fa69b6f12
Creatives+On-Model,Copy of 2025.12.23_WTN_e-com15474 kopia.jpg,JPEG,1000,1250,635847,31323dffe36bb40d726be360fcae2477
Creatives+On-Model,Copy of 2025.12.23_WTN_e-com15481 kopia.jpg,JPEG,1000,1250,618522,51e4bf9456525f885f843717a5dd789e
Creatives+On-Model,Copy of 2025.12.23_WTN_e-com15555 kopia.jpg,JPEG,1000,1250,645390,6d9b046806c6fce93fb17212996e20d1
Creatives+On-Model,Copy of 2025.12.23_WTN_e-com15563 kopia.jpg,JPEG,1000,1250,642982,42f2f7b3959d30fbb62f39796da0b772
Creatives+On-Model,Copy of 2025.12.23_WTN_e-com15309 kopia.jpg,JPEG,1000,1250,649941,196cee95bb9578fe8ad9647511520917
Creatives+On-Model,Copy of 2025.12.23_WTN_e-com15237 kopia.jpg,JPEG,1000,1250,656364,3c61668f8f7d61172cbbc996084e2e64
Creatives+On-Model,Copy of High res.jpg,JPEG,8115,5410,7371832,5518642814c5d2351651c571a71db7ef
Creatives+On-Model,Copy of 2025.12.23_WTN_e-com15104 kopia.jpg,JPEG,1000,1250,590068,7d5a6b59f8c221a6a145c43c5776e280
Creatives+On-Model,Copy of 2025.12.23_WTN_e-com15377 kopia.jpg,JPEG,1000,1250,597832,d6b5081c1e93264a6e356b655866e4a8
Creatives+On-Model,Copy of 2025.12.23_WTN_e-com15299 kopia.jpg,JPEG,1000,1250,592628,6d23e6f001ce28ef37ddaeed43c215e8
Creatives+On-Model,Copy of 2025.12.23_WTN_e-com15318 kopia.jpg,JPEG,1000,1250,603508,50d273f2a7a06b31feb768b1cbbb20f4
Creatives+On-Model,Copy of 2025.12.23_WTN_e-com15336 kopia.jpg,JPEG,1000,1250,617067,d6d1d25120f31df03d9cbf5869ab12bb
Creatives+On-Model,Copy of 2025.12.23_WTN_e-com15216 kopia.jpg,JPEG,1000,1250,688961,d258ee60da3a8bdc664181b6822fbe00
Creatives+On-Model,Copy of 2025.12.23_WTN_e-com15220 kopia.jpg,JPEG,1000,1250,704785,d044b72bc01855129071d88d4e33f185
Creatives+On-Model,Copy of 2025.12.23_WTN_e-com15355 kopia.jpg,JPEG,1000,1250,568820,415841545f9ead660ec4987f73dcc03b
Creatives+On-Model,Copy of 2025.12.23_WTN_e-com15035 kopia.jpg,JPEG,1000,1250,664496,bcbae56306b993df2b36bcbaa6f575c7
Creatives+On-Model,Copy of 2025.12.23_WTN_e-com15198 kopia.jpg,JPEG,1000,1250,662923,ba25d8d3a7e7a2c6c458e4ab67231363
Creatives+On-Model,Copy of 2025.12.23_WTN_e-com15268 kopia.jpg,JPEG,1000,1250,587082,c7cd80befc2cc0456d4b034f5bbcb18a
Creatives+On-Model,Copy of 2025.12.23_WTN_e-com15064 kopia.jpg,JPEG,1000,1250,677223,ad5d586011e63b2fd40dd84578019e62
Creatives+On-Model,Copy of 2025.12.23_WTN_e-com15087 kopia.jpg,JPEG,1000,1250,688772,8ccb09ec0bf87e84ae1ee752c08e8ec4
Creatives+On-Model,Copy of 2025.12.23_WTN_e-com15043 kopia.jpg,JPEG,1000,1250,642670,f94ab0fde1eade0ccbd240ba6b2df2d8
Creatives+On-Model,Copy of 2025.12.23_WTN_e-com14998 kopia.jpg,JPEG,1000,1250,645590,25594c9eac47c7298fcb4485f82856e1
Creatives+On-Model,Copy of 2025.12.23_WTN_e-com15198.jpg,JPEG,4000,6000,13377113,6894f5f8f4e83f6ebcc2ce0a785f112f
Creatives+On-Model,Copy of 2025.12.23_WTN_e-com15094 kopia.jpg,JPEG,1000,1250,655162,fc601a4efa0b740a7c8216881b895218
Creatives+On-Model,Copy of 2025.12.23_WTN_e-com15078 kopia.jpg,JPEG,1000,1250,676240,ba710e052a662a0752fc90db1187d43f
Creatives+On-Model,Copy of 2025.12.23_WTN_e-com15118 kopia.jpg,JPEG,1000,1250,622315,71bb3d023b39153bbaf430e9e626c292
Creatives+On-Model,Copy of 2025.12.23_WTN_e-com15020 kopia.jpg,JPEG,1000,1250,694935,7af52c311151e3dc62a93e2db78d3c6b
Creatives+On-Model,Copy of oat- colour_2310.jpg,JPEG,1000,1250,1674058,93ca4131d5f1d872c165c71373b12663
Creatives+On-Model,Copy of 2025.12.23_WTN_e-com15053 kopia.jpg,JPEG,1000,1250,712560,92b204139fa8dc96bcec023d203a4b02
Creatives+On-Model,Copy of 2025.11.25_WTN__e-com13453.jpg,JPEG,1000,1250,887435,f53964edff191bb31d459558508f3fa6
Creatives+On-Model,Copy of oat- colour_2308.jpg,JPEG,1000,1250,639657,567e19a0b47536ecd370bb7f7715679a
Creatives+On-Model,Copy of 2025.12.23_WTN_e-com15104.jpg,JPEG,4000,6000,12331234,a0c0a45dc6c367fa8b694d2bf24ebfb7
Creatives+On-Model,Copy of 2025.12.23_WTN_e-com15216.jpg,JPEG,4000,6000,13693261,a7f9010e987808f97cbe8a8995da3de8
Creatives+On-Model,Copy of oat- colour_2309.jpg,JPEG,1000,1250,778343,c3c6fd951809a680a34992b393eb19fb
Creatives+On-Model,Copy of 2025.12.23_WTN_e-com15066 kopia.jpg,JPEG,1000,1250,621687,150e877e95ea370244979ad1da9476d0
Creatives+On-Model,Copy of 2025.11.25_WTN__e-com13419.jpg,JPEG,1000,1250,622584,4fb0e20fc768185647b84dba62758350
Creatives+On-Model,Copy of 2025.12.23_WTN_e-com14992 kopia.jpg,JPEG,1000,1250,671524,3fe8b089192a5b92dd984cbf18e9e8bb
Creatives+On-Model,Copy of oat- colour_2305.jpg,JPEG,1000,1250,725570,e2c4b4d06fe1c8a19dad9b41941724ce
Creatives+On-Model,Copy of 2025.12.23_WTN_e-com14996 kopia.jpg,JPEG,1000,1250,662013,9cae2fcb15cc85b1a756c5cf99d09e75
Creatives+On-Model,Copy of 2025.11.25_WTN__e-com13461.jpg,JPEG,1000,1250,854568,a3fa28faf1cb81e77d9f45d2cc64a840
Creatives+On-Model,Copy of 2025.11.25_WTN__e-com13445.jpg,JPEG,1000,1250,619283,1a58f537fbb5b29f92e49c9134caf2d8
Creatives+On-Model,Copy of 2025.11.25_WTN__e-com13401.jpg,JPEG,1000,1250,860736,ccaf46f84d1a1360a7be41c8a54eef3a
Creatives+On-Model,Copy of 2025.11.25_WTN__e-com13450.jpg,JPEG,1000,1250,1460186,3cbd96ade014490892ad605a3b1a0281
Creatives+On-Model,Copy of 2025.11.25_WTN__e-com13400.jpg,JPEG,1000,1250,714506,86a6cd4349c86301a8cd83321f15e464
Creatives+On-Model,Copy of 2025.11.25_WTN__e-com13361.jpg,JPEG,1000,1250,599501,e67f549c485ad1c627f11dc5d65c2c44
Creatives+On-Model,Copy of 2025.11.25_WTN__e-com13347.jpg,JPEG,1000,1250,611253,ecfadc815aaffb4b60853f3c65c031ba
Creatives+On-Model,Copy of 2025.11.25_WTN__e-com13351.jpg,JPEG,1000,1250,655569,6f62d3b485e44e60692b45853c0ab806
Creatives+On-Model,Copy of 2025.11.25_WTN__e-com13394.jpg,JPEG,1000,1250,907726,b58af8782af4acfed92a5b7087576ec6
Creatives+On-Model,Copy of 2025.11.25_WTN__e-com13437.jpg,JPEG,1000,1250,652764,62427eb56d019471a0f33370add2a421
Creatives+On-Model,Copy of 2025.11.25_WTN__e-com13364.jpg,JPEG,1000,1250,607612,bf42a3d24270d2618d51c1d9bdcdbb5d
Creatives+On-Model,Copy of oat- colour_2306.jpg,JPEG,1000,1250,722524,b9ab6367867c2e0d4ee837886889a143
Creatives+On-Model,Copy of 2025.11.25_WTN__e-com13373.jpg,JPEG,1000,1250,1728516,e3ce874ea2b4da0e6eed9c11af8e117d
Creatives+On-Model,Copy of 2025.11.25_WTN__e-com13369.jpg,JPEG,1000,1250,1375129,c541704882f02d5edd08ca5335ee038f
Creatives+On-Model,Copy of 2025.11.25_WTN__e-com13371.jpg,JPEG,1000,1250,1380866,8dbb942179c4cc694d8bda25a0a0ea94
Creatives+On-Model,Copy of 2025.11.25_WTN__e-com13340.jpg,JPEG,1000,1250,656682,36b39060b0f60379892e23177170736e
Creatives+On-Model,Copy of 2025.11.25_WTN__e-com13471.jpg,JPEG,1000,1250,899821,1ab58f0b590a4bfb6c48202d9b164466
Creatives+On-Model,Copy of 2025.11.25_WTN__e-com13395.jpg,JPEG,1000,1250,774150,f1570c80294b9e08a29d989a546445db
Creatives+On-Model,Copy of 2025.11.25_WTN__e-com13303.jpg,JPEG,1000,1250,1138787,f57c38f5f3bdf6c5723e69f8bcee6a57
Creatives+On-Model,Copy of 2025.11.25_WTN__e-com13314.jpg,JPEG,1000,1250,1057046,e747094fa6738d78a46c5d0b2c699ee4
Creatives+On-Model,Copy of 2025.11.25_WTN__e-com13264.jpg,JPEG,833,1250,1288430,174e02bbfade52a7bd4ab8098d5403e8
Creatives+On-Model,Copy of 2025.11.25_WTN__e-com13281.jpg,JPEG,1000,1250,1195292,30745f36d917f142b25acf1d234cd77b
Creatives+On-Model,Copy of 2025.11.25_WTN__e-com13264 kopia.jpg,JPEG,1000,1250,1790065,4d9586f6c73a1cfa363c46539e48cadd
Creatives+On-Model,Copy of 2025.11.25_WTN__e-com13332.jpg,JPEG,1000,1250,636133,91ac0507a0a7ae9e96a22bd2f9c74685
Creatives+On-Model,Copy of 2025.11.25_WTN__e-com13172.jpg,JPEG,1000,1250,691512,28653ad2e9b32c45583f898b6d7657f7
Creatives+On-Model,Copy of 2025.11.25_WTN__e-com13290.jpg,JPEG,1000,1250,1250549,ff3f69e9ab551ad2f413605fb5c6f84e
Creatives+On-Model,Copy of 2025.11.25_WTN__e-com13154.jpg,JPEG,1000,1250,706973,239c0758a627d175d55b5c07fc3afb4a
Creatives+On-Model,Copy of 2025.11.25_WTN__e-com13151.jpg,JPEG,1000,1250,1442318,6190914afc3b0f0c0f893ba18d8adcea
Creatives+On-Model,Copy of 2025.11.25_WTN__e-com13251.jpg,JPEG,1000,1250,708904,ee80887240effc3b3661ae3448b6d0a3
Creatives+On-Model,Copy of 2025.11.25_WTN__e-com13260.jpg,JPEG,1000,1250,775079,cda229c77bea40abdba93fc2d1b25b94
Creatives+On-Model,Copy of 2025.11.25_WTN__e-com13183.jpg,JPEG,1000,1250,621782,2fa33c58f65a6ad3a1faf153a8493f50
Creatives+On-Model,Copy of 2025.11.25_WTN__e-com13194.jpg,JPEG,1000,1250,1184341,dfd951b59884fd9ef6b87d8f18066086
Creatives+On-Model,Copy of 2025.11.25_WTN__e-com13149.jpg,JPEG,1000,1250,1509993,b24d3a798425bb10282281cdba5ff88e
Creatives+On-Model,Copy of 2025.11.25_WTN__e-com13240.jpg,JPEG,1000,1250,767266,cff34a0b1994d65ea6ab91da95934426
Creatives+On-Model,Copy of 2025.11.25_WTN__e-com13074.jpg,JPEG,1000,1250,674684,2f3f5cbf43263fa387273d3da909c6e6
Creatives+On-Model,Copy of 2025.11.25_WTN__e-com13317.jpg,JPEG,1000,1250,1029163,8933c5964a8b2e5ff01b6730dcefcf64
Creatives+On-Model,Copy of 2025.11.25_WTN__e-com13088.jpg,JPEG,1000,1250,667585,075eb48d445a31946370f0d9f56a2072
Creatives+On-Model,Copy of 2025.11.25_WTN__e-com13105.jpg,JPEG,1000,1250,1259057,88142e985709bd5beea50b2ca85f90b0
Creatives+On-Model,Copy of 2025.11.25_WTN__e-com13188.jpg,JPEG,1000,1250,710557,727d9a2a1c829590eac02f316c3c6aec
Creatives+On-Model,Copy of 2025.11.25_WTN__e-com13136.jpg,JPEG,1000,1250,504690,b533ac3ddbb6aa0f6778e55ffcc34d70
Creatives+On-Model,Copy of 2025.11.25_WTN__e-com13068.jpg,JPEG,1000,1250,638081,3bf03da9ce6c3085ed899ec59997822d
Creatives+On-Model,Copy of 2025.11.25_WTN__e-com13267.jpg,JPEG,1000,1250,1882311,1e15f65008d9a21a0c6aaec848409d40
Creatives+On-Model,Copy of 2025.11.25_WTN__e-com13111.jpg,JPEG,1000,1250,550179,7309db9119dec18ef2d84a674a440406
Creatives+On-Model,Copy of 2025.11.25_WTN__e-com13100.jpg,JPEG,1000,1250,704391,e0d54fd38b643edd5dc01f66b2fb2edb
Creatives+On-Model,Copy of 2025.11.25_WTN__e-com13082.jpg,JPEG,1000,1250,636165,ea1990f99e1a0c4704866d3dbfec0627
Creatives+On-Model,Copy of 2025.11.25_WTN__e-com13119-kopia.jpg,JPEG,1000,1250,571804,371ed0ea7471285f18b7caa15e12b6b5
Creatives+On-Model,Copy of 2025.11.25_WTN__e-com13045.jpg,JPEG,1000,1250,714744,c0ec5be21f5715d1690e2c23ac9f7ce9
Creatives+On-Model,Copy of 2025.11.25_WTN__e-com13049.jpg,JPEG,833,1250,1266559,6ee1f18a9a3a53e8c0f367b199b909c1
Creatives+On-Model,Copy of 2025.11.25_WTN__e-com13055 1.jpg,JPEG,833,1250,1370622,0dcd44c4d846929bc24287049915cccc
Creatives+On-Model,Copy of 2025.11.25_WTN__e-com12985.jpg,JPEG,1000,1250,1434391,8292fb544ca272dcb9e11db4f71738ec
Creatives+On-Model,Copy of 2025.11.25_WTN__e-com12996.jpg,JPEG,1000,1250,682226,38070f2a7e5c0ed13631cdea806cbf31
Creatives+On-Model,Copy of 2025.11.25_WTN__e-com13049 kopia.jpg,JPEG,1000,1250,1907063,a43437fe931ecfc701c95553b0fb74c7
Creatives+On-Model,Copy of 2025.11.25_WTN__e-com13055.jpg,JPEG,1000,1250,1922520,32356fff06bec3764aa663e85c1c12aa
Creatives+On-Model,Copy of 2025.11.25_WTN__e-com13005.jpg,JPEG,1000,1250,713698,b27ef93b1f2a85eed9ca8e7f95a252c0
Creatives+On-Model,Copy of 2025.11.25_WTN__e-com12981.jpg,JPEG,1000,1250,1512126,e48109498991db534b776bb5aa394d4f
Creatives+On-Model,Copy of 2025.11.25_WTN__e-com12941.jpg,JPEG,1000,1250,731964,b2e7b42cee590ad11b0c1af1b8405dcf
Creatives+On-Model,Copy of 2025.11.25_WTN__e-com13040.jpg,JPEG,1000,1250,666057,c16d95a0a20149159499ee98ce403279
Creatives+On-Model,Copy of 2025.11.25_WTN__e-com12946.jpg,JPEG,1000,1250,688467,87335648d48818b44bebd8c8ae2db32a
Creatives+On-Model,Copy of 2025.11.25_WTN__e-com12922.jpg,JPEG,1000,1250,730032,372b41348fce0e1fc3fe8587c574a74c
Creatives+On-Model,Copy of 2025.11.25_WTN__e-com12936.jpg,JPEG,1000,1250,1708540,fe5fbf5f893d841974d6a45f3b8a5321
Creatives+On-Model,Copy of 2025.11.25_WTN__e-com13023.jpg,JPEG,1000,1250,731661,83e38438832f99f22818ab11eceb56fc
Creatives+On-Model,Copy of 2025.11.25_WTN__e-com12856.jpg,JPEG,1000,1250,759206,468589a0b0d641101f7a6556ed082ac6
Creatives+On-Model,Copy of 2025.11.25_WTN__e-com12956.jpg,JPEG,1000,1250,711869,a6d279e22837ec1796fac1ffda1c7d35
Creatives+On-Model,Copy of 2025.11.25_WTN__e-com12934.jpg,JPEG,1000,1250,1475731,7730a3d26c75f2f840ef81db7642110d
Creatives+On-Model,Copy of 2025.11.25_WTN__e-com12932.jpg,JPEG,1000,1250,1436670,08d223510e5c1b9def78e8d70d161a6f
Creatives+On-Model,Copy of 2025.11.25_WTN__e-com12894.jpg,JPEG,1000,1250,681457,bc700cfeedb65d5178a95491c8202398
Creatives+On-Model,Copy of 2025.11.25_WTN__e-com12830.jpg,JPEG,1000,1250,805192,40f155a33045e1d479dd8fe7511076df
Creatives+On-Model,Copy of 2025.11.25_WTN__e-com12983.jpg,JPEG,1000,1250,1335484,2b3f9bc632916178d0839da2921a83d0
Creatives+On-Model,Copy of 2025.11.25_WTN__e-com12902.jpg,JPEG,1000,1250,745362,3ec877f3919d969a30dd7fef5f68619e
Creatives+On-Model,Copy of 2025.11.25_WTN__e-com12897.jpg,JPEG,1000,1250,702153,b8347d07fd3ed6c54965803e281aeedf
Creatives+On-Model,Copy of 2025.11.25_WTN__e-com12869.jpg,JPEG,1000,1250,1566831,2352139e367b7cbaae67b65c75d8ca47
Creatives+On-Model,Copy of 2025.11.25_WTN__e-com12768.jpg,JPEG,1000,1250,1105805,01a2e671bc05b91085e38fb35deee9e3
Creatives+On-Model,Copy of 2025.11.25_WTN__e-com12774.jpg,JPEG,1000,1250,700558,a1581b2ebf245c8b41c76cd422489bc8
Creatives+On-Model,Copy of 2025.11.25_WTN__e-com13145.jpg,JPEG,1000,1250,742591,1b4d34fccbe463c6fe39aa850ebe13e7
Creatives+On-Model,Copy of 2025.11.25_WTN__e-com12796.jpg,JPEG,1000,1250,695006,b0f8a2bc301ac0b9ccd408abe1ab5f2d
Creatives+On-Model,Copy of 2025.11.25_WTN__e-com12809.jpg,JPEG,1000,1250,1648635,0a22ee5a049cf26f5ba7a275133dd3a6
Creatives+On-Model,Copy of 2025.11.25_WTN__e-com12806.jpg,JPEG,1000,1250,745099,a47a067905fb0210d25caea0d0c94d9c
Creatives+On-Model,Copy of 2025.11.25_WTN__e-com12970.jpg,JPEG,1000,1250,660246,f035b9b3547fea3a76eb86a5d80fcba0
Creatives+On-Model,Copy of 2025.11.25_WTN__e-com12752.jpg,JPEG,1000,1250,657044,82339604f3f7ddf26bfdcad0c125e832
Creatives+On-Model,Copy of 2025.11.25_WTN__e-com12754.jpg,JPEG,1000,1250,679315,91c75899b5b0768eb93da11d0b20dfae
Creatives+On-Model,Copy of 2025.11.25_WTN__e-com12743.jpg,JPEG,1000,1250,628299,fab332572b31a14695359660135f8f8c
Creatives+On-Model,Copy of 2025.11.25_WTN__e-com12917.jpg,JPEG,1000,1250,684831,ffb13b42eb8e824bd7d9b897628acdc7
Creatives+On-Model,Copy of 2025.11.25_WTN__e-com12693.jpg,JPEG,1000,1250,735053,3c5b1c15cddf78760e1f7a0adab37f19
Creatives+On-Model,Copy of 2025.11.25_WTN__e-com12708.jpg,JPEG,1000,1250,732174,4a9452836d790a388b04c0c4d82576f9
Creatives+On-Model,Copy of 2025.11.25_WTN__e-com12683.jpg,JPEG,1000,1250,740083,00acd5d37d990bd59bbe51843281dae3
Creatives+On-Model,Copy of 2025.11.25_WTN__e-com12865.jpg,JPEG,1000,1250,793100,8d091a29228482530ab96dd964d912a2
Creatives+On-Model,Copy of 2025.11.25_WTN__e-com12664.jpg,JPEG,1000,1250,685302,97d9b80f175cefe9238316a62d95cf8f
Creatives+On-Model,Copy of 2025.11.25_WTN__e-com12758.jpg,JPEG,1000,1250,663761,252894deec915ca2668d3da939b1f490
Creatives+On-Model,Copy of 2025.11.25_WTN__e-com12816.jpg,JPEG,1000,1250,754538,499eb74a0eb05c4255dd681c3c8ebe24
Creatives+On-Model,Copy of 2025.11.25_WTN__e-com12871.jpg,JPEG,1000,1250,1292011,d7d0aa2f3fa1e04128d948cc141dd9a7
Creatives+On-Model,Copy of 2025.11.25_WTN__e-com12722.jpg,JPEG,1000,1250,714762,2142156692c6e990dfb05ecaad4b5845
Creatives+On-Model,Copy of 2025.11.25_WTN__e-com12720.jpg,JPEG,1000,1250,747722,116ee705bbce19cc135308749d4dbd50
Creatives+On-Model,Copy of 2025.11.25_WTN__e-com12677 kopia.jpg,JPEG,1000,1250,1662545,bc8895d3dc82af010123346e82e9bb58
Creatives+On-Model,Copy of 2025.11.25_WTN__e-com12728.jpg,JPEG,1000,1250,646875,ae5a33be71b10c9c59de5ebfe70147cb
Creatives+On-Model,Copy of 2025.11.25_WTN__e-com12662.jpg,JPEG,1000,1250,682311,ef0fe2b93ecdfdf8112d79a4061a3c01
Creatives+On-Model,Copy of 2025.11.25_WTN__e-com12633.jpg,JPEG,1000,1250,753620,18e1caa75e2a23f2a7bacd9435e2d335
Creatives+On-Model,Copy of 2025.11.25_WTN__e-com12550.jpg,JPEG,1000,1250,696765,d547208a0fa443a610589024d812aa80
Creatives+On-Model,Copy of 2025.11.25_WTN__e-com12726.jpg,JPEG,1000,1250,1820708,ddbd6f110c0826a7de8893464bdf85f9
Creatives+On-Model,Copy of 2025.11.25_WTN__e-com12600.jpg,JPEG,1000,1250,691336,d145b0f6e17fb4e393a19f74927dcb82
Creatives+On-Model,Copy of 2025.11.25_WTN__e-com12582.jpg,JPEG,1000,1250,1203688,cd2b01d0f66a1154143e5c2ea35af253
Creatives+On-Model,Copy of 2025.11.25_WTN__e-com12650.jpg,JPEG,1000,1250,694366,32698ae3909b69bd2e246888d3bbfd97
Creatives+On-Model,Copy of 2025.11.25_WTN__e-com12625.jpg,JPEG,1000,1250,1953163,63463a117f8eccd56573beb816b13072
Creatives+On-Model,Copy of 2025.11.25_WTN__e-com12810.jpg,JPEG,1000,1250,1587996,acbaa094a3bc75d6e932368ff8d3c213
Creatives+On-Model,Copy of 2025.11.25_WTN__e-com12467.jpg,JPEG,1000,1250,669012,b18dc4d31e9da0090d89b0946fb8f74c
Creatives+On-Model,Copy of 2025.11.25_WTN__e-com12501.jpg,JPEG,1000,1250,691855,ae4a7105bc36a65eee8ff4291aa4979d
Creatives+On-Model,Copy of 2025.11.25_WTN__e-com12482.jpg,JPEG,833,1250,1201317,339acb9974c9f662966783dc2098920c
Creatives+On-Model,Copy of 2025.11.25_WTN__e-com12520.jpg,JPEG,1000,1250,694642,1e323d8cb6d3d00b8e445ae3f5563224
Creatives+On-Model,Copy of 2025.11.25_WTN__e-com12612.jpg,JPEG,1000,1250,742504,ee0f2f64a9b907f1ecffd09d7c7f5664
Creatives+On-Model,Copy of 2025.11.25_WTN__e-com12543.jpg,JPEG,1000,1250,659529,96830e0e50997c66d5780af0095d09ff
Creatives+On-Model,Copy of 2025.11.25_WTN__e-com12482 kopia.jpg,JPEG,1000,1250,1574671,fecdb515e83bc15ef07384901a5f056f
Creatives+On-Model,Copy of 2025.11.25_WTN__e-com12464.jpg,JPEG,1000,1250,764956,8486f91badfa1a4f3b7323d6abb0b4cf
Creatives+On-Model,Copy of 2025.11.25_WTN__e-com12586.jpg,JPEG,1000,1250,713542,de96ead24f7e5510c325ce557219a37d
Creatives+On-Model,Copy of 2025.11.25_WTN__e-com12527.jpg,JPEG,1000,1250,1381407,6bae110295bb51f0328a060961ee3c65
Creatives+On-Model,Copy of 2025.11.25_WTN__e-com12383.jpg,JPEG,1000,1250,544069,c5a24199d05c5da8b95e42458bad56a8
Creatives+On-Model,Copy of 2025.11.25_WTN__e-com12505.jpg,JPEG,1000,1250,665286,edfb859972e80c34d998b6a9fece8ed9
Creatives+On-Model,Copy of 2025.11.25_WTN__e-com12572.jpg,JPEG,1000,1250,728011,a1ecf942fb7942744dc670b3b3f11278
Creatives+On-Model,Copy of 2025.11.25_WTN__e-com12413.jpg,JPEG,1000,1250,517189,749a7469e566e43e878e2dc4fcfb8334
Creatives+On-Model,Copy of 2025.11.25_WTN__e-com12366.jpg,JPEG,1000,1250,989956,45470cb172b0ec96585a83d3f02b7659
Creatives+On-Model,Copy of 2025.11.25_WTN__e-com12500.jpg,JPEG,1000,1250,684010,db77334664bcbb7563656a24a8038e26
Creatives+On-Model,Copy of 2025.11.25_WTN__e-com12438.jpg,JPEG,1000,1250,744382,57cbff95170dcfa1ec3f0e7f7aa61c33
Creatives+On-Model,Copy of 2025.11.25_WTN__e-com12424 .jpg,JPEG,1000,1250,571117,1a617ebf504c2e2f29b5fa646374d976
Creatives+On-Model,Copy of 2025.11.25_WTN__e-com12542.jpg,JPEG,1000,1250,646207,6bd8b9aa9ddf7371bb2fa4d3aa32e87a
Creatives+On-Model,Copy of 2025.11.25_WTN__e-com12401.jpg,JPEG,1000,1250,544665,8ec02e0cc0b5f9164ab3a303550a20ad
Creatives+On-Model,Copy of 2025.11.25_WTN__e-com12343.jpg,JPEG,1000,1250,964862,3756a93777caaf429ca43724ea67f398
Creatives+On-Model,Copy of 2025.11.25_WTN__e-com12448.jpg,JPEG,1000,1250,744242,7c19f84aa5f63960a7300982abf21db7
Packshots,2-3 kopia.jpg,JPEG,1500,1850,570123,a51578ba22734ce5806d5ae4b49b852a
Packshots,1-1 back.jpg,JPEG,4320,5400,3669751,7042563c15c8fc8b9a3d694991214c3e
Packshots,1-5 kopia.jpg,JPEG,1500,1850,592337,edf8fe679115c4df8ff14e3851d69269
Packshots,1-5.jpg,JPEG,4320,5400,3884139,f6c99a4fd8983e7f2ffbeaf9d68eac14
Packshots,1-1 back(1).jpg,JPEG,1500,1850,494717,f59ea1b8c7d4ab4556a924ab35a9f1ea
Packshots,2-3.jpg,JPEG,4320,5400,4123392,5f2cfe97dfe96728e75c7b4f211c318d
Packshots,2-1back kopia.jpg,JPEG,1500,1850,432123,761e206065d51f14cd4bf1a9dbd00553
Packshots,3-1 back kopia.jpg,JPEG,1500,1850,535863,b6c67b814b4af7ea5f6700cb9be6562f
Packshots,4-1 back kopia.jpg,JPEG,1500,1850,581022,152b01c9a33338bd36b6c1423049d60b
Packshots,3-1 back.jpg,JPEG,4320,5400,3419280,c175d76f806a045d4337a6e9a09123f8
Packshots,2-1back.jpg,JPEG,4320,5400,3141599,be1cdfdedb8d9d33a3426f9399b5831a
Packshots,4-1 back.jpg,JPEG,4320,5400,3599276,d0238a4f1dc97095dbd948b365c2e70a
Packshots,2-3 kopia(1).jpg,JPEG,1500,1850,570123,a51578ba22734ce5806d5ae4b49b852a
Creatives+On-Model,Copy of 2025.11.25_WTN__e-com12424.jpg,JPEG,1000,1250,781778,dc7a03e794328b86b8e414ebf87b9b3c
Creatives+On-Model,Copy of 2025.11.25_WTN__e-com12429 kopia.jpg,JPEG,1000,1250,1354572,cf656549f3c84c70c7d2253b1ad8647b
Packshots,1-3.jpg,JPEG,1200,1800,550204,0566d13d911b52fef8b3b95dce7e0fcb
Packshots,ghost-3.jpg,JPEG,1200,1800,286727,d5d7595427f6b32fbe017cbbed162e5f
Packshots,1-1(1).jpg,JPEG,1200,1800,378916,eed2c4e5421fcb92648d2a54d62d50e4
Packshots,ghost-2.jpg,JPEG,1200,1800,496515,93245a15ce1cbb8a344c038b2697d273
Packshots,1-2.jpg,JPEG,3969,5954,10654465,97714e53f5e01478d08ddb83387e7d3b
Packshots,1-2(1).jpg,JPEG,1200,1800,281619,921f91e5c064d7b11e5d94829c127eca
Packshots,2-2.jpg,JPEG,1200,1800,389353,9095bfe565f22709036b2e6e79a60778
Packshots,3-3.jpg,JPEG,1200,1800,545136,d049eeb08ba51570c7bbe8119b8c94ee
Packshots,ghost-4.jpg,JPEG,3971,5956,5742568,91e1f018921fc896686399168e17341f
Packshots,3-1.jpg,JPEG,1200,1800,562837,384d34c47bb4b7597fae14eb9b82f8d6
Packshots,ghost-1.jpg,JPEG,1200,1800,417747,56b00507db4db479e60e8b84bce312ba
Packshots,2-3(1).jpg,JPEG,1200,1800,1102992,6367f21145cf4d1ea29d96c01926b6ce
Packshots,1-1.jpg,JPEG,3969,5954,8682558,06d0e65c5e331dfe74e766d03b7204ef
Packshots,1-3(1).jpg,JPEG,1200,1800,2299410,143aa555753ba5edf24bfe8ab9a3a20e
Packshots,5-2.jpg,JPEG,3969,5954,4184370,f52fc315669c7e411dd55993300fc8a6
Packshots,2-1.jpg,JPEG,1200,1800,400542,68639a078e630fb6bb363785a53697ca
Packshots,4-3.jpg,JPEG,1200,1800,713449,3d87634ec245b56f173f60feba9b92ce
Packshots,5-3.jpg,JPEG,1200,1800,1088221,5f6b45a8b655b855889cd058bef66fdc
Packshots,3-5.jpg,JPEG,1200,1800,1058383,51ef55adebfbb6f5ae51fac222956bc5
Packshots,3-2.jpg,JPEG,1200,1800,554604,593f78939e815397a4ef317477441dcc
Packshots,6-2.jpg,JPEG,1200,1800,386148,70c226226c13dedcd0b0cdc43c564cfe
Packshots,6-1.jpg,JPEG,1200,1800,392020,21d2001a9ca6af8355262e7b00df3583
Packshots,5-1.jpg,JPEG,3969,5954,4390478,31bfbb7c1cfc02af137ef2c7b1b55a9e
Packshots,4-2.jpg,JPEG,1200,1800,272668,c061b0e32da21641c20c0201ccb008c8
Packshots,Copy of a.jpg,JPEG,1000,1250,1486605,b23e2864387608757fb746643319c2ca
Packshots,Copy of 2026.03.23_WTN_model_packshot2528 kopiaa.jpg,JPEG,1000,1250,1035057,9bc9ffdd2485db4a73fbcb7843cd1b46
Packshots,Copy of 2026.03.23_WTN_model_packshot2528 kopiag.jpg,JPEG,2000,810,1346130,69bef387ad4e43114a6f1d67d1d7ee73
Packshots,Copy of 2026.03.23_WTN_model_packshot2543 kopiaf.jpg,JPEG,1000,1250,1794434,40d37976e0bffffc9aa5a31b402aa74f
Packshots,4-1.jpg,JPEG,1200,1800,275127,285f17220bfb0acafa7201d72b21d4ba
Packshots,3-4.jpg,JPEG,1200,1800,526812,06f0b3f0930a0078273c2ff9300ab017
Packshots,Copy of 2026.03.23_WTN_model_packshot2511 kopiaa.jpg,JPEG,2000,810,1514124,7fbd9f5bdf13080937708d4af48b0c2b
Packshots,Copy of 2026.03.23_WTN_model_packshot2582 kopias.jpg,JPEG,1000,1250,506624,091956e7cf66135a6cff0abc16cd778e
Packshots,Copy of 2026.03.23_WTN_model_packshot2543 kopiaa.jpg,JPEG,2000,810,2161132,d69df008301eec9e82505c10b8858c7c
Packshots,Copy of 2026.03.23_WTN_model_packshot2468 kopia.jpg,JPEG,2000,810,1496348,da9a227485383a26d5278bd9a069cc71
Packshots,Copy of 2026.03.23_WTN_model_packshot2501 kopias.jpg,JPEG,2000,810,1462673,74272de33bd0d33b1b83ebbcaa6ed204
Packshots,Copy of 2026.03.23_WTN_model_packshot2502 kopiaa.jpg,JPEG,2000,810,1467499,14a32c07a02f2cd10ee313c9b5bf9478
Packshots,Copy of 2026.03.23_WTN_model_packshot2471 kopiaa.jpg,JPEG,2000,810,1547445,a7d67bf8fc42ba5a6068593247f3df01
Packshots,Copy of Copy of vee-tote-weekender-silhouett-vinyl-1.jpg,JPEG,1200,1500,676601,3612e40b71e583a6ae03f36144384038
Packshots,Copy of 2026.03.23_WTN_model_packshot2471 kopia.jpg,JPEG,1000,1250,1249334,3645e6023744408896f107b3864743c8
Packshots,Copy of Copy of vee-tote-small-silhouette-vinyl-_2328.jpg,JPEG,1200,1500,400608,c4b3e166942b117ba8548346eb0ad205
Packshots,Copy of 2026.03.23_WTN_model_packshot2468 kopiaa.jpg,JPEG,1000,1250,1065801,d5532b3f6900362e223e3517bc88d192
Packshots,Copy of 2026.03.23_WTN_model_packshot2511 kopia.jpg,JPEG,1080,1350,1220715,cfd15336a1b28ff9092e7e969ca6226a
Packshots,Copy of Copy of vee-tote-small-mermaid-2.jpg,JPEG,1200,1500,338615,101f39cb81deb067822d8d847c3b148d
Packshots,Copy of 2026.03.23_WTN_model_packshot2501 kopiaa.jpg,JPEG,1000,1250,1104527,7b7bc9f1ed065bc088e181eacb788335
Packshots,Copy of 2026.03.23_WTN_model_packshot2502 kopiad.jpg,JPEG,1000,1250,1096724,78dc880c0d3376329592ee845184c2da
Packshots,Copy of Copy of vee-tote-medium-silhouette-vinyl-3.jpg,JPEG,1200,1500,468073,8f1abfe72e942e5101bf4dca3ac7481e
Packshots,Copy of Copy of vee-funny-pack-SILHOUETTE-VINYL-4.jpg,JPEG,1200,1500,359990,a45326be04986c780551646cb244180d
Packshots,Copy of Copy of vee-tote-small-silhouette-vinyl-_2330.jpg,JPEG,1200,1500,1127412,461e08c589a23b46683518b4e960278a
Packshots,Copy of Copy of vee-tote-weekender-silhouett-vinyl-2.jpg,JPEG,1200,1500,338727,1632c8e75c265d093ccb27e4158d3ad0
Packshots,Copy of Copy of vee-tote-small-silhouette-vinyl-_2327.jpg,JPEG,1200,1500,425777,a12a18be4efee40a37ecef13a1d0886a
Packshots,Copy of Copy of vee-tote-medium-mermaid-vinyl-2.jpg,JPEG,1200,1500,351547,b1291f009ae6ebe9fe259620ec24e929
Packshots,2026.03.04_WAD_1402.jpg,JPEG,1600,2400,713205,73e2bff4ca64cbdad7557bbc0ce0c51e
Packshots,2026.03.04_WAD_1407.jpg,JPEG,1600,2400,748586,9cc9998cc542c9649a51a028fba91787
Packshots,2026.03.04_WAD_1513.jpg,JPEG,1600,2400,696325,a7c313aafa840925b20863577cc9dee1
Packshots,Copy of Copy of vee-tote-weekender-silhouett-vinyl-3.jpg,JPEG,1200,1500,565637,da316a8ead9109be530eed548c66fe08
Packshots,Copy of Copy of vee-tote-small-mermaid-4.jpg,JPEG,1200,1500,1225333,080661a7ee2a54f69ab396d079598499
Packshots,Copy of Copy of vee-tote-small-mermaid-3.jpg,JPEG,1200,1500,410675,04758c04acfd707118e55ebf6fa916d5
Packshots,2026.03.04_WAD_1414.jpg,JPEG,1600,2400,1215858,f48ee77a9aa19f853b6bc5fa11bcc1d8
Packshots,2026.03.04_WAD_1438.jpg,JPEG,1600,2400,3654717,9d4b048a167fe8177464c161957c6ab4
Packshots,Copy of 2026.03.23_WTN_model_packshot2517.jpg,JPEG,5913,3942,25586110,ee4acb400d79bdead4cbc84e81308054
Packshots,Copy of Copy of vee-tote-small-silhouette-vinyl-_2329.jpg,JPEG,1200,1500,418276,14eeb79f0087604e7158b10181d45294
Packshots,2026.03.04_WAD_1499.jpg,JPEG,1600,2400,1062129,ffe175680cea2533b1830150105ca946
Packshots,Copy of Copy of vee-tote-small-mermaid-1.jpg,JPEG,1200,1500,409505,04d147740a543ba27f18ab698f59c781
Packshots,2026.03.04_WAD_1512.jpg,JPEG,1600,2400,2384406,f730cda621a19d8e18bb5a34e018c936
Packshots,2026.03.04_WAD_1459.jpg,JPEG,1600,2400,1217939,6c5f6c2c9f356b8f913b5701e32469f5
Packshots,2026.03.04_WAD_1398.jpg,JPEG,1600,2400,2337220,7d372691a5a89cdaff4cd93fc9cbd941
Packshots,2026.03.04_WAD_1439.jpg,JPEG,1600,2400,1404458,28a22fc3d7ef3722c9416115d9d138cb
Packshots,2026.03.04_WAD_1476.jpg,JPEG,1600,2400,1171235,1b23738adf0a31f831eb781e9e1e702a
Packshots,2026.03.04_WAD_1502.jpg,JPEG,1600,2400,3419793,7fd1d9bcfa80c10cf663843bf30b53ce
Packshots,Copy of Copy of vee-tote-medium-silhouette-vinyl-2.jpg,JPEG,1200,1500,353901,43e861ad8e65f3c1c92a2077b9475742
Packshots,Copy of Copy of vee-tote-medium-mermaid-vinyl-3.jpg,JPEG,1200,1500,485483,a0bcf39e9ee31e05a80efde555ff9660
Packshots,2026.03.04_WAD_1415.jpg,JPEG,1600,2400,2335170,470c73f4ae2e22fd0ecce2521a0c53cc
Packshots,2026.03.04_WAD_1529.jpg,JPEG,1600,2400,3251709,825ab49c70ca8ffbc8901e900084b1fe
Packshots,2026.03.04_WAD_1511.jpg,JPEG,1600,2400,3612680,e747e9f91d0fc834fbea8c473ed3df61
Packshots,2026.03.04_WAD_1412.jpg,JPEG,1600,2400,3927417,07cdca59fcc910202674ec963b1bd84f
Packshots,2026.03.04_WAD_1482.jpg,JPEG,1600,2400,2824833,9f84257456b6bd9ce433fae2977ecb27
Packshots,2026.03.04_WAD_1510.jpg,JPEG,1600,2400,745509,cc26816ef3696f18b608781ef1d50c33
Packshots,Copy of Copy of vee-tote-medium-silhouette-vinyl-1.jpg,JPEG,1200,1500,507609,f03d3f59b9ef0fa68b1fdf2f17a8548f
Packshots,2026.03.04_WAD_1463.jpg,JPEG,1600,2400,1113228,6f60555877d1a37ddcbf20705400434e
Packshots,Copy of Copy of vee-tote-medium-mermaid-vinyl-1.jpg,JPEG,1200,1500,488543,3ff09ce5245d89211405f4df46401890
Packshots,2026.03.04_WAD_1462.jpg,JPEG,1600,2400,1089350,3613aad5f7c6be41bb167ca409d4e45e
Packshots,Copy of Copy of vee-tote-medium-mermaid-vinyl-4.jpg,JPEG,1200,1500,1095054,29b26f23952ecb3224a1b729d08db008
Packshots,2026.03.04_WAD_1410.jpg,JPEG,1600,2400,1907758,6acf8daf130a8a08f85b5ebbc9eac4ed
Packshots,Copy of Copy of vee-tote-medium-silhouette-vinyl-4.jpg,JPEG,1200,1500,1125005,5748b7b149d37e7c30bb6acf30182612
Packshots,2026.03.04_WAD_1509.jpg,JPEG,1600,2400,772860,4a7c1db5eefe3489f79a734015cf7808
Packshots,2026.03.04_WAD_1405.jpg,JPEG,1600,2400,825209,fd1c260bf6fd85c2a5a9247601839300
Packshots,2026.03.04_WAD_1461.jpg,JPEG,1600,2400,2871320,9a7e93f507c8ebeef1a670b230b9a179
Packshots,2026.03.04_WAD_1404.jpg,JPEG,1600,2400,2112752,28f597070588e408a1e4a16717371829
Packshots,2026.03.04_WAD_1428.jpg,JPEG,1600,2400,4030044,9698571c226578d47a3a896533dd89b4
Packshots,2026.03.04_WAD_1416.jpg,JPEG,1600,2400,1748614,bf47fd7329cbad44b507a73558ca777b
Packshots,2026.03.04_WAD_1528.jpg,JPEG,1600,2400,1211026,cb31ec8f88ac81fd4ce4deaf980e4756
Packshots,2026.03.04_WAD_1417.jpg,JPEG,1600,2400,1742596,0dc5c0a8f5a7cb69c6cebf9db5cdf6e0
Packshots,2026.03.04_WAD_1507.jpg,JPEG,1600,2400,2480156,ebf760baea39219d7dd5ea43cc3dd638
Packshots,2026.03.04_WAD_1401.jpg,JPEG,1600,2400,1357219,0513c46fe78de1db9bc25fcda5e4ec73
Packshots,2026.03.04_WAD_1505.jpg,JPEG,1600,2400,664138,31b0792ede69bca3ba976bdf32c6c10d
Packshots,2026.03.04_WAD_1448.jpg,JPEG,1600,2400,1174662,523e1f213aee2848b61cb3ac71a865ab
Packshots,6-1(1).jpg,JPEG,2827,4241,2042538,e55d1f16594917b045ed26ea71e1e14b
Packshots,6-2(1).jpg,JPEG,2827,4241,1882040,2b714a9f8b93e7d6a44930397ceb0da4
Packshots,9-2.jpg,JPEG,2827,4241,1715277,63b4e448b955c867cc01e0edac371015
Packshots,2026.03.04_WAD_1413.jpg,JPEG,1600,2400,1122491,6c54c1d47173dddf71f3fdc93fd53c2b
Packshots,5-2(1).jpg,JPEG,2827,4241,1872626,308d29f6e8fa9cc418a0104cd6000987
Packshots,3-1(1).jpg,JPEG,3157,4735,3100689,8d2601eb55af39469de7ac51f2162c90
Packshots,2-1(1).jpg,JPEG,3157,4735,3143784,f8bb0d93930421c7f1d7a3329f65bfcf
Packshots,7-1.jpg,JPEG,2827,4241,1784119,ba383ca73a98fdf3e21f9b0332f39dea
Packshots,10-2.jpg,JPEG,2827,4241,1993134,1c96df253cd2e722e8ed0c994f8c7db7
Packshots,9d95a3_021d0549bcdf413da2b9ed107773dcb3~mv2.jpg,JPEG,328,492,11166,85b7addce0d4054c4ee252817b2d4ba9
Packshots,3-1 kopia.jpg,JPEG,3157,4735,3145140,334ff97ae62e92bad6f11ce17bd1d8fb
Packshots,9-3.jpg,JPEG,3945,5918,4224902,3ac5c1c37af7a47be9aaee792cb7a9d4
Packshots,5-1(1).jpg,JPEG,2827,4241,1648307,0f4f4b4d88db0c281b5b62e129a406be
Packshots,8-3.jpg,JPEG,3948,5922,5064644,99ede766a7d7ff6a662dc88e5d3455c4
Packshots,10-3.jpg,JPEG,3951,5927,4668610,30b199a6f3725fc5ee4d7217b250d094
Packshots,9-1.jpg,JPEG,2827,4241,2502108,6f1ce759f5b3cfc2a92400e4702b9c2f
Packshots,6-3.jpg,JPEG,3954,5931,4615025,80f6c8ee8cbb069b3f075a2774397acd
Packshots,2026.03.04_WAD_1411.jpg,JPEG,1600,2400,2007529,85c5489b4eb5b16c767ae2a71c671608
Packshots,10-1.jpg,JPEG,2827,4241,1871958,0da54099c69246dd9beea33d8c7dd034
Packshots,2-3(2).jpg,JPEG,3974,5962,9767135,f4dd5815b92b4a5d827ee5c1890ac3ea
Packshots,7-3.jpg,JPEG,3945,5918,5509199,67b0a862c22ce16e664e1b8aff1f1501
Packshots,4-3(1).jpg,JPEG,3947,5920,8145369,1e0560043f39fec97d01d666045f3ff8
Packshots,3-3(1).jpg,JPEG,3956,5934,8825616,79f6aa932e16013329da8e5b5291cf57
Packshots,8-2.jpg,JPEG,2827,4241,1971388,69622f450ed01b2135dbc137fa0514e2
Packshots,5-3(1).jpg,JPEG,3954,5931,5061868,edb8181b71e0dd5b49506348543f4f77
Packshots,8-1.jpg,JPEG,2827,4241,2320032,c6db88bba88a1363978f525b54f4d315
Packshots,2-2(1).jpg,JPEG,3157,4735,2799014,f9c4529799947f29ffa261305c1f4f47
Packshots,7-2.jpg,JPEG,2827,4241,1877081,bc8bb061c2e49e1431c8b5cc7a7445c4
Packshots,4-1(1).jpg,JPEG,3157,4735,2642712,98e2432dd9a0843f19a4e7c5e81d0656
Packshots,z2.jpg,JPEG,3935,5903,4769236,392b700623a1995dbbcb7685d5f0fe5a
Packshots,z1.jpg,JPEG,3935,5903,4596500,6777e77a4f268ec5998dca33e39ba6a0
Packshots,s3.jpg,JPEG,2309,3465,6055036,8c42654969a453c766277c7919af1ba6
Packshots,z3.jpg,JPEG,2342,3513,5524666,9d1131bd015b14bf82d7ca04ad269775
Packshots,Copy of NEV_LARK-1.png,PNG,1600,2400,2219591,3a3dd89d72067c0f2c89ded97d988b77
Packshots,Copy of 22-1.jpg,JPEG,1600,2400,886172,b3a8e9cf699511ed950d69a10f88f5ca
Creatives+On-Model/AI Generated Images,WhatsApp Image 2026-04-10 at 12.53.30 PM.jpeg,JPEG,1194,1600,496044,90b86edfd6b716c5c8cd57965bb94899
Creatives+On-Model/AI Generated Images,WhatsApp Image 2026-04-10 at 3.32.46 PM.jpeg,JPEG,1194,1600,219182,ded88fdd95935223e1c03b3dcada47f2
Packshots,Copy of studio test swiatla22005 kopia.jpg,JPEG,1080,1080,503608,bfd3f320a45dbe6192414b799404cdca
Packshots,Copy of Maison Mihara Yasuhiro Hank OG Sole Canvas Low-3.jpg,JPEG,1080,1080,369265,5760e19e26bcdabc2f260f24d8eae9b2
Packshots,Copy of Arizona SFB Regular Taupe-4.jpg,JPEG,1080,1080,391993,9b77f5eb8a093a6a05370fc7ab6c8cb2
Creatives+On-Model,Copy of 2025.11.25_WTN__e-com12121.jpg,JPEG,1000,1250,549991,acf8b5b0789924be869e67f146b7731b
Creatives+On-Model,Copy of 2025.10.07_WTN_model6505 kopia 3.jpg,JPEG,2000,810,313705,3298f603d282b016337c2f802401674a
Creatives+On-Model,Copy of Copy of 2025.06.24_withthenew21821.jpg,JPEG,1000,1250,275874,9615270cc1424b1375d2ae31a57dda2a
Creatives+On-Model,Copy of Copy of 2025.06.24_withthenew21707.jpg,JPEG,1000,1250,299215,0f46197122ec536fa0c4c075d22a2cd6
Creatives+On-Model,Copy of Copy of 2025.06.24_withthenew21380.jpg,JPEG,1000,1250,286237,ac9945ebb447dce1854da2f3a64b932c
